0218f15c-b26b-4c1e-904c-52c0800fcdde	c266cd3c-7b42-45e1-91ea-9decdf563a97	1	1
02ca7192-da91-4a22-96b9-e7be5443de38	87d9b9db-1853-4efa-b4da-45ed54c82b88	1	1
03a0cb2e-da69-496c-a42e-18c3e4ad394b	5a30885b-54ea-4589-8a8f-dd67a2c069b6	1	1
03cf2b1e-3cd4-4473-a105-5f226d2d005d	55f45675-0d2a-442b-a798-d22ec9121e94	0	1
03d419ea-0458-4c8e-a1b6-dd62a714c3ca	034bb668-a7d4-4549-a307-fc15a5109a7c	1	1
03e6010a-ec94-4e22-bde7-5f003fba9a35	b4403627-374b-4585-a5a1-f77545a3edc0	1	1
04071482-fc9f-44db-8124-44a7dc7b654d	5d55b642-b9ac-4544-b291-1936f3fb530a	0	1
041757ed-6be9-4736-b744-d4d6688c3f33	7102d2e8-b2c9-41f6-bed2-48dda9c0ef71	1	1
05d05517-10fb-4c95-a211-c31b0e08c589	620e1173-dd90-4d83-8ded-6510668d6908	1	1
05e0dffa-c03a-4ce3-90f9-132f1c3fef76	b4ca67e5-692e-45f8-9143-a1678f384187	0	1
06075dba-711a-4806-8d17-1e03fc25e97b	4600b350-d954-4c3e-b200-00ca9249ac32	1	1
062820bf-a77b-402e-9683-d91bb4785d39	2b413e66-2ce1-4f3b-a396-fc4714e3fd4d	0	1
062ab4a3-09a3-429b-b570-de2a5d979c3a	b0b52cef-b42f-4210-b81d-08fc69914651	0	1
06464687-faf4-4053-8670-fc2fd87b1188	7bb2ed23-8998-4daf-9308-8e298a77ba49	0	1
0684a1f0-b6e1-4daf-903c-96f74632700f	ce106e72-498e-44f2-b92c-7be08e9fc1e6	0	0
06e8e340-a2f1-49e4-a6e5-543f4d06d0e0	147ad03d-76a1-454b-9988-1f0a5d695dcf	0	0
078de6b1-56b8-4277-8a16-0a7eb2153aee	2e9eccf5-3827-406f-a054-8ec51d5a4c67	1	1
07ae6d83-bba4-4a86-891b-72a4cec5c83e	b0ef3923-cd7e-4a5e-9b28-38b0e794fac7	1	1
082fe8e0-ab6f-467f-ad50-9acf39a76c5a	145fb7f7-af1d-4773-8841-d2e29160b3fd	1	1
08b2aeaa-fb3e-4a85-94cb-7fcd7121ab10	d8b359dd-fe92-4775-811f-b6fd4eba9d58	0	1
09b59ce2-2d08-45b9-9cf7-2b4919a7487c	b795c635-e6bf-4755-bbf2-83b7ef639721	1	1
09b65900-8b25-4e5b-b1f0-7c95ac28a613	c39730f7-6b72-4182-9e25-73652c2ad5af	1	1
09d8ce2d-34d8-4943-88ed-d611e113d90e	5f3c4cc1-9c13-48a9-8eff-26a73c4872a6	0	1
0a3c07f3-0cdf-44b5-b70d-b9aced4cf9cd	65c4df64-ee4b-4a10-8496-62e568ec4594	1	1
0a85e56f-946e-4d67-bed2-046685cc0d83	156d80cd-0366-466c-b9a2-81a5ba150d62	0	1
0ad1ebf3-e7bc-4ca6-82ec-add792a4cc6a	6b28b93b-9d52-4895-b2ac-8c2c84d9b241	1	1
0b0f35d7-1c08-44c1-9b31-c7332de01265	ccc61db2-37ad-45bb-a25a-40fe990bfddb	0	1
0bca2b9b-d2dd-4241-8b9e-2e881d96e7f6	0ddad02b-bc35-45f4-91f5-976667f1232f	1	1
0c419058-a851-4aaa-a276-d005d4fd6388	7fcd7fe7-ce2c-48a8-8d34-16bee9cf91f3	1	1
0c74e123-8320-474f-ade8-b7d9830300d9	29438028-336a-47e2-b185-c2950ac1f6f5	1	1
0c8dacc5-9a42-4e2a-8907-da8f0846ae0b	631014f1-1c26-4145-9f74-8df1ca9c6387	0	0
0cca4ddb-d959-4480-adb1-96a0e11d6589	e21003cf-26b2-48f9-b61c-2b886f40874d	1	1
0d4d8686-d9ac-4c64-8905-d0414f4050ba	a58692ec-66f0-4850-b11c-4e4aebf7da06	0	1
0e46b110-b6e0-4a17-98f1-e711512acdfc	ecb3f0e2-a656-4b7f-9a65-f89642fde6b7	0	1
0ef4702c-6e65-49ad-b407-4d16e372aa27	3134271c-378d-45ea-abba-b8b40b21bfec	0	1
0f111cfe-55b8-4724-be89-4e4cc41d5afd	48accf30-7457-4731-b160-dc2647b85afe	1	1
0f692511-9b7f-46c2-b84c-ef6f7bf776a7	d889156f-eec1-48bb-aca3-c0b5522a25bc	0	1
0fbe101b-cb2a-4f93-ba89-53a7ea37c32b	5d1c9263-5e96-4cfa-9d8a-b35f441457d2	0	1
0fd43a57-68b8-4f6d-9275-3948fc3553cc	09df956d-1bea-497f-80e5-5a5ee0c036e6	1	1
106d8164-d53b-4c19-b9ab-89a8b0b53ee5	0095b4cb-ced7-4f56-9f54-6321d1c8d6fa	1	1
1239e4de-2745-4a68-83d1-8bf0a335cc21	1ff7811a-4414-42ae-9709-b347cd44f546	0	1
124ce328-7015-4b20-bf8d-a3a4caddda3d	afa314d1-4f38-4970-8bbd-4bbddfd3b781	0	0
12b9df4c-7e7c-40d6-b53f-01204b166225	27117c1e-dbb0-40f4-9759-65be9724b81c	1	1
1321d3f2-f31b-4321-82a9-90162890c933	f637d44f-c609-42d6-a678-2c3660df3919	0	0
13a91e4e-3fd9-4f26-9339-0c94185fe520	baf3a53b-9c81-4fc2-8fd9-ec0bcbffa0ae	1	1
14acdd9f-e0ef-417b-a3b8-7138c1b6df84	ada16da5-3a48-47e6-a4ea-6e5e056f20b6	1	1
14b1d0ba-a405-4a9a-9b3d-3768a82c368e	b08c2794-4275-47fe-998e-ff79a7991305	0	1
14c1afb6-d8c1-4895-a3a5-637b915970c7	d409f50d-00c2-4599-96d9-3036e668de4a	0	1
14e65737-7ae4-4158-973f-233c048f5e22	465d871f-c38d-42f3-b66d-c80770ef6c1d	1	1
15292ead-34fa-4039-818e-734f2be2e1fb	1bbda74d-cccc-4b75-89a3-8d96cbfedc63	1	1
1554d3c2-2898-4d38-8d42-23b4124db958	2a7986f8-42a1-4545-a204-9ea6dfb11fb8	0	1
15819d7b-8a51-42d4-b001-b55af37ba99c	32cdaab6-45b1-4a43-9123-f18f3896e014	0	1
15b715e7-b366-41dc-a683-08261bc56169	57b7c945-1212-4e20-89a9-94a33144b63b	1	1
16eed574-8b3b-4e48-80dd-42691ee910f7	cf0beb4d-ddc8-44e8-8c9c-83e67066d8a3	0	1
16f649da-7940-4b27-9077-fa51afd0403d	6fc54e2e-38c8-4d1c-9dc0-43d2cc235951	0	1
170a910f-4131-4f3c-86bc-85b0a688b072	338b2f9a-217a-48f7-8b1f-345906bba704	1	1
17d5e7cc-66ff-49aa-a8c9-24917ef9da15	e8d0d549-96d6-40a9-8b12-539cabf0c977	0	1
18024dc6-29a5-4e78-8d72-cd6c9ce4738a	8c8930c4-f321-4095-86ab-4f0403e7a6e1	0	1
189affcf-a4ed-4ddd-8ac9-5176bac44828	814510ab-df65-4cdc-ac78-2a984ea66af8	1	1
1907d87c-833e-4edf-b45b-c9577acbfa76	39c13d2b-820d-4cdd-82a7-c3adba1dc170	0	1
195ba37a-1a30-4690-91f4-d3c46c120bc5	7ee05095-48eb-4aeb-b986-bb15db1bce76	1	1
198d289f-4426-4902-93b9-052592d0ab58	cfdc8d7d-4c99-449a-b1e5-079ae61f073c	1	1
198eb2f6-fd66-4fbe-b8a3-8087d69390a8	8138ecbd-c268-43ca-bb8c-51e3c88f59e8	0	1
1ad9e1e8-07a1-4f79-858e-0dee56380b25	37daac0f-a3bc-4e73-9e5f-013de3b4cb6c	1	1
1b7da451-07e3-4d62-b5cc-cfc87c13ea93	6b68832c-192d-472c-87ea-e79143c2db2b	1	1
1b8b36f0-a256-4e3c-922c-293f6b05ccfe	9c02473a-c306-469b-9861-1800b09d7874	1	1
1c96c318-8c70-4b2f-9d10-7186c4479061	da4f3b58-8e6c-4adc-9beb-a9bec42eeb3b	0	1
1cdb118c-be63-40e1-8b8e-8fa0e8ab48f3	29438028-336a-47e2-b185-c2950ac1f6f5	1	1
1f522433-be9b-4814-93c7-b830bf40c715	e820d4c0-6529-4cc1-a440-4f5ba05389db	0	1
1f72696d-5cc4-4c7f-9ea4-46ddca858d4e	e1315c04-a607-4ffb-8bff-e99b5194788e	0	1
200ac623-f312-40d1-b0be-8f1129827f8d	10e8a00e-a121-4892-a4b9-0ddb99994eda	0	1
207a4bf7-58cf-40f5-9412-5e8bb518429a	eda57f2e-f364-4a9a-96e4-fd8be74e5331	1	1
20835ac5-e423-42b7-9611-0ab25049e755	2e798303-9231-4d9e-bf7b-b12cdbeac4c2	1	1
21bde7ad-d5f5-4046-8af1-7c0f034f9718	e250f552-fc8c-4ccd-a3be-feb6086bbc7a	0	0
2292a57a-0e2e-4f4c-aa54-50a3587628be	0070c072-29c4-4479-9883-44209fa66199	1	1
22bd1019-f8ea-4a4b-8fe1-cb44b3e24150	a404c102-3870-41f6-983c-921b20157369	1	1
234e9b6a-99ed-4944-8dc2-69214ed5d9ff	9209172d-cf26-4956-bfa5-f9a8561b7425	1	1
23c2c18a-27f8-40bb-9a7b-0912a128cdd4	39435da3-63e4-4e47-a2c2-2a850ac23bc8	0	1
24f5dc35-b435-4c84-bcc5-f06849ecb4ac	61b27125-3848-4a33-bf8a-7c517c6998dc	0	1
2545d4c8-599f-4054-ab68-6a302a375e21	611bb126-5cd5-4cc6-9a8b-bf2f87dc2e72	1	1
2570d866-44f6-4bbc-997e-4276e5e7c581	7595c5ad-54e4-4332-b51a-69b3032edc7f	0	1
259360ec-0bab-4518-9ce0-ab3d41b05a51	97260c97-2d4c-4eae-ac13-e6164cfe52a3	0	1
25e77907-786e-42b4-ae93-4eca02540ea0	fa2e4d81-d3d8-44f3-8f3e-f9c0790edc79	0	1
2657b34e-951d-4069-a411-98aab68a03ee	0c454c30-1f81-4dd5-ae30-0d054162ca05	1	1
26e2d0a4-b1b4-4675-bbeb-738c2c94475f	ead15003-9963-42bc-bbc7-ec16c237d688	0	1
271c659a-c17b-4f33-9605-2926d76495ae	9e4ed04b-0959-41de-949b-812091f56b54	0	0
28903167-d287-4fa4-bd13-d0d65e19b749	da32ef08-2d33-4d3f-8dde-304a93e4875c	0	1
2aaee64c-974c-45de-815e-5064b0628b34	dda672a5-8646-4cb1-9fcf-dab98aca4043	1	1
2b78d3cb-1188-4775-8d0d-482065ad3bed	55cf4e53-a390-492a-946c-7f7cdd37c56b	0	1
2cc07b82-ff6f-4a68-8abb-555f7bfb2c76	ce47e3d9-68f9-4f0a-a026-7852eb4195dc	0	1
2d088e46-965c-4463-ad66-92fcd7cd0008	f4b65a60-663e-44f1-a9f5-bb15cdcbb14b	0	1
2d1dff1d-2ca6-47ea-8cb6-2fb71a827499	f84b351a-63b3-41fd-bb8d-8f1127cb9dd6	0	1
2d344598-2ca8-4cf5-95c8-9636c7fa7cd5	e6030489-e862-4a46-8f00-0f3f62eec1a3	1	1
2d6748c8-e180-4e44-bdce-595a5e4181e3	a5cd09fb-77a8-4902-94fe-5bb28cb096ae	1	1
2de24354-45a6-46ed-9415-ca30f730acc6	32837844-9a50-48aa-b543-98c0f8a1578c	0	1
2e46a8f2-1d5b-4586-a59d-0250b646ff6f	29438028-336a-47e2-b185-c2950ac1f6f5	1	1
2e5850a5-37c2-462a-851c-72c914b7e746	74d0b1c1-f44f-4829-99bf-5196ed3582f8	1	1
2ed48348-8702-43ec-aa86-175c7f854575	8e27b7aa-486b-4880-a3ef-87d019d0084a	1	1
2f5b17e2-9d33-41a3-b9ae-207421a305c9	bdce79a0-558b-49a6-b7ce-ae66f916b3b8	0	0
30b7be17-6af7-4d50-80df-67e8c0f94c0c	23f3328a-19b3-4b36-b580-5e19edde0300	1	1
30db6426-6fae-47c9-8b52-72fde977a479	00cd7c54-ec07-45a8-b4ee-467e151b8a7f	0	1
315f505b-b51d-49fc-a071-afb2262e35e3	21953c2f-19f3-4141-882a-5119b9dc9577	1	1
316bd730-eb0d-4a6d-b170-9b757ba61514	4bdb5dac-90b1-45e7-b014-6665d9be1de7	1	1
3226abf6-a53b-4c76-8f32-f165c52d9268	c6d771fa-022b-4735-9638-6b1d2fc53d70	1	1
330f6634-e0ae-47df-b1bc-be15fb7b7fb6	a0a419ea-1939-43e2-bb43-226a1ba05666	1	0
33d47a34-c071-4b13-98e4-42a552bad72f	c011274a-88a4-4a61-8748-2de389401a52	0	1
33e8e9d6-631b-4da9-bf25-ee7077e602b1	9ac1c80a-267e-4520-a372-8e9b893431b4	0	1
34016c5c-1f6b-47dc-82b2-91ea90defdc2	e33653b5-7da3-4dc3-b24e-24c0c72998c2	1	1
345f31b6-1a94-4a7d-a2a7-242940f77502	0d9e229b-62e3-41b8-8bb0-6996e7210aaa	1	1
34694daa-f415-4096-949c-4743fe584faa	07303cc7-9b7b-4430-b79a-877017092a62	0	1
3493d790-8c80-4171-b5ae-1c1533233eec	aaef0c1d-a637-4738-a690-e4dd17f6c5ae	1	1
34ba13bf-2c8d-4b9c-ab55-e25766142522	e78d2851-72e1-4520-858c-722c073c1c41	1	1
34ba146a-1fb5-43de-876f-88f9b83a0828	b48c0ef0-cfb0-49cd-ac38-5255c6afc0db	0	1
36a17ca4-1d41-4a79-b51c-734e46dde1af	2265b2d3-eb2d-49bb-9b3e-66245896fcd5	1	1
36d76d50-2105-4ce2-b54a-56f31ae74602	ed0d02e2-6d9e-4c95-9e78-9606b02ee730	1	1
377c39b9-b995-461f-b718-33910f9f3a7e	a25f27e9-e6c0-4760-8c54-ae2fd1a7cc4b	0	1
37aee164-a104-4639-86d9-3610247ee333	1e757eca-0fdc-49df-b658-04937a140de9	1	1
382a4a03-dad4-4d60-bfb3-15c64959edee	c4da713d-2864-4614-94bf-45821f267205	0	1
391564d7-acd2-4903-995a-aefe086fe542	55bbc076-71eb-4392-b0d5-dfc12f4d88ed	1	1
398bb35f-a156-46d7-ac66-1709629d2333	0ffaec34-69f8-46c1-b632-7747fe20f1d0	0	1
39c7389d-204b-4465-9ae0-d64118472027	e7df9974-d71d-4175-a232-f8031d149fdc	0	0
39f9d710-1417-407e-8183-20644b21e679	f5690fd0-c336-4a47-8bbb-330b0a7e9f78	1	1
3a888729-cb70-475d-ba00-d1d5de623479	649faf10-d67f-4731-a410-332f3628e858	0	0
3b3dba73-ced7-4ffc-a177-0cb79d779f4c	0f072e88-8c4b-4155-b848-2d40abbe0614	0	1
3bf88aae-6a04-475c-9523-998abd1ce414	84d829cc-11a0-4ae9-931c-1c83e76715c1	1	1
3c1122d1-1553-42a6-ad16-d74e3c37288b	dadf13bf-7b0c-46b3-8c47-9a853cb398cf	0	1
3c8c8983-7107-460b-b56d-4d741553f702	dd362c6d-d7d1-4e9b-92ef-84085f9441e9	0	1
3d65696e-6a4d-43d5-bac9-1fb18f1f0899	24460059-84c0-4dca-b469-d8afbd184604	1	1
3e6b11e1-594f-41e7-8beb-80d4df6bbdac	52c7c442-f956-44cb-8857-eb7aed15e520	1	1
3eb8fa13-0d2f-4a63-ba30-8833bc93a385	12142479-3651-48a9-8846-8dc88e82438d	1	1
3f137cfe-e197-4a6f-9347-7365cb920f63	29438028-336a-47e2-b185-c2950ac1f6f5	1	1
3f7897dd-7377-412e-9668-bf96107830ca	50ee4293-45b7-4c22-a62b-c79ba1aa344d	1	1
3fc38762-fe53-4cb6-b2a7-b020e928f44c	159967a8-ed26-4332-93da-f5d262a35615	0	0
4035a26f-143e-48bb-b719-5a4e563f7ee7	4fe04c53-a975-4bfe-9e4f-c2b9c0f17833	0	1
41db115e-e956-4c7e-b152-d1aa164079c2	29438028-336a-47e2-b185-c2950ac1f6f5	1	1
41ef4e3b-81a8-4495-ac68-93b5280cbec1	250389b4-148a-4dfa-a28d-dc6c3b641aa9	1	1
42ef12e4-cfec-42ba-866b-69574293a6db	0d6f12c2-922a-4c1f-8dc1-7655321f6df9	0	1
431e12ac-e466-4f4e-8642-c2d9ef313798	29438028-336a-47e2-b185-c2950ac1f6f5	1	1
4375dd04-0496-4aed-aebc-03b2d9e805dd	c2cf989e-80cf-49e8-bd40-6a4f4ae022b7	1	1
44323334-04a5-45f9-82f1-3fbde0d1f53a	d9877eea-a524-420e-b1a0-455334843bac	1	1
44a4b59e-c9ba-4108-8030-d9da6a9f43ba	7674094c-b5d2-43da-a696-07d227ddaf99	0	1
45cd7315-3a85-42f1-93ef-04c48544146d	1205f818-3953-42ed-a98f-02265bcd8265	0	1
4638bce6-8108-457f-9089-7ae53e9ec4b6	f9735d67-74ad-4488-be10-17a12f04ea22	0	1
46a5349a-d4ab-4c71-980e-6726b01d1e8b	94fc67c1-f999-4549-acc5-8e3c2606730a	0	1
46a65317-f574-4975-9ac1-995f76a038d2	4a478de1-e2dc-43b4-ae79-01e04c27c745	0	1
46fd5bf4-01b6-4389-9a89-f903e96bba61	07fb3585-2bdb-4ec0-9789-dc17dcf87e80	0	1
4788e674-cbac-4d02-9ef1-d9e29b05c6d4	a91cd9ef-af62-48fe-bc69-8790832c8729	1	1
47a4b771-22e3-44df-94c5-fc3cc4b6b9b1	fc3ee349-1515-4ec4-9372-4430739a804b	0	1
47ca09f7-c50c-4c8e-9d5d-ad16ade98917	488df4d5-199d-42df-9eab-b001299a3d4d	0	0
4815e4ac-b659-446b-86cc-9edb2d79d0f8	13d79ee4-cfdd-413e-aa06-472b7edb2221	0	1
483345e6-7108-4dc0-8188-502dc9749236	53765178-a5a8-4de3-ba8c-d8576983dc5a	1	1
4852d0b1-3604-4502-8f91-db9e1f4f5c1c	43cfeed1-152f-4c84-ac26-62390c2ac326	1	1
492b0442-1430-4692-9464-c0d584070d98	0518ff93-a773-4e3b-a6e5-1c675618b7e4	0	1
4a463c0e-69a5-47d3-8aea-c759683b1346	10e0bdfa-1635-44e9-ac9f-e78713ca789a	0	1
4af04a71-8fde-48b4-b05c-be5e3a3e32e4	114c89b9-643b-4365-b469-86f01b7f4b26	0	1
4b71c03b-0f9f-4e56-9cd7-06b72bc6e195	32b696aa-29b8-4e36-824a-372cbb73eef0	1	1
4c2a5904-9e21-40c3-a343-12c9033f6d2b	aeab24f2-dd6d-4cfa-85e7-c77f4e524f03	1	1
4c537c56-6910-4ee0-b5e8-20b862ab12bc	d72cb4b9-d71e-41f5-a155-6f5797c9e943	1	1
4c9372bd-ed25-460a-95d3-40ff567d5991	5b2f4659-a5e3-4f23-ac51-2959d8863d74	0	1
4d4f20a1-e185-4260-b765-da50d25c2523	0c3aa95a-eb36-4955-a742-017a35f91bdc	0	0
4d71fce7-7931-46d4-8a7e-9aead1d4cf7f	9d307704-88df-4bfd-8b4b-682b0a556079	1	1
4dbf80ef-68f1-421f-819b-26cfc5ed69b6	fc4d2de0-91ea-408a-a390-145be5ccf0da	1	1
4dc1c8e1-a087-4e81-8d91-c8ea4e991e69	35422128-64da-45cb-8d98-3f9099897a7d	0	1
4dcf7caf-c516-4d92-8b22-187ab9c56455	f60c9553-b411-4964-9ffd-c90f441a7e1b	1	1
4ea0b3c6-5d8d-4344-8257-de450ade9e19	ca782c34-6a5d-4d12-a9a7-692658f52e0a	1	1
4ec0dbde-ccdc-41ca-bf28-409f5ae954d4	17440fdd-90b2-4fa2-9df3-de0fec8ddda8	1	1
4f2b8891-3ee9-4b42-9e55-2c05fead1f54	1771be5c-1531-4dfe-9b67-08981cbdd19c	1	1
4f6f77c2-94de-49d5-96aa-4852bfbd80b8	e3a0c13f-2cf5-43ad-8c86-7315b5cd85a3	1	1
4fc32a68-69b2-4014-b989-d0fa0f3819e2	41a8cf4d-edd6-410f-9e85-b28c9ae574cd	0	1
4ffe2e1d-f57d-4728-a140-4e3dd68583ef	56d042e5-1dfa-4176-84a2-503e6c63c93c	0	1
5154b069-c3b8-4221-97bc-b31bf1419343	74b7585a-8933-4bfa-ab74-778239a7fe80	0	1
5170c8ed-2d6a-4e59-a6bc-95ff26900951	bc2c2386-0d3c-41b5-90a3-3f95f9146975	0	0
51be8dcf-20cf-46a1-ac69-e3fa9abd6c13	b08fcde9-95f2-4cd8-8143-7b322cdde7af	1	1
522066ea-4865-4d98-be6e-112d21924c31	9de8ee9b-f5ea-405a-9203-28ff577db415	0	1
5271772a-7a90-4eef-b520-967d640b5f18	69c6db11-6e49-4411-b43b-e9040148bec7	1	1
52a75931-4814-4367-bcf7-61c3ff23b165	158563f6-6d1d-4776-a5b2-c3c66fe6ebb7	1	1
52caddd3-2218-44d6-a75d-2a3c55b486e5	c9f0f651-0e34-475c-9945-0650c42dcd38	0	1
52d92d08-2085-4a9e-b868-d57bc44c8f30	5bdce75d-2f24-4378-a740-fe9e01159daf	1	1
536349d0-6e56-49f5-8008-78eeeb4e348d	82abb96c-3773-4bb0-b055-a1b6bf545ce3	1	1
541e2e1d-ee3e-4152-a205-db752bb03645	7790e69e-ed29-43c1-a7ff-7bdd64c7e107	1	1
54960220-ce33-4105-a6a2-eb933357d1b5	e9970b83-3219-48be-856d-23c4a96f3730	1	1
54a06890-a7ff-43c7-845c-d04a2fdf4f47	e13e3eb4-bbdb-49c0-a3ee-c5494c9df94f	0	1
54c2140d-864b-432b-8455-4ab521ef7a21	f1590d66-c925-486d-a09a-715ee222bec9	0	0
55b2e126-1c8f-4606-af6b-c689457a7dc7	36a40ce8-2087-4712-a01e-1bcd9d1589d7	0	1
563fce84-e7c8-4c88-92b3-e007ee8bb784	2434ead7-a50d-49db-8d47-1188fd2a78ab	0	1
56d06f5e-3777-44ff-9577-212b1181a6f1	3a2c5af5-6bb0-4852-aa3a-5900384383b7	1	1
5895be33-e4df-41c9-97f5-d356aa402776	f49305fe-1d7c-47f1-9a1a-ba1ce45e251c	0	0
5919761d-b8e8-4229-ad21-73c418c031c4	d8ed247b-471b-4d15-81dd-5c2530ca15e2	0	0
5926fef4-b099-46ae-8225-fd50eb5b5121	ff676747-987c-43ad-bd0d-fb89e6086c50	0	1
595a327c-26f7-471b-9fb7-089e84a58fa8	7b8201f9-971a-4aa5-988d-4638f94f55b3	0	1
596470cf-3e98-4a81-82d6-c07dcb6eda1b	3a2c5af5-6bb0-4852-aa3a-5900384383b7	1	1
59657e8f-1165-41ee-a14d-9bf8ff802964	5bae5ce5-3e1e-4ed0-ae8d-2df8aea4483e	1	1
5af55a6f-352d-4908-be81-5b60e15a63f4	6f14d69a-250e-4de8-81b3-c2b11e1a27b4	0	1
5b8a909e-f6c9-4c9a-8cb2-3bd1fdceae13	cd55d0d0-df14-4158-ae59-6a5bf1f2e80f	0	1
5bfd161d-eb34-4c61-adc1-8e17c9bd6fa8	3a1e2e0e-7608-4750-8fab-435b4fc99f21	1	1
5cad5ab6-5947-4a00-977a-8792a592f09e	00cd7c54-ec07-45a8-b4ee-467e151b8a7f	0	1
5d42de59-e01e-49c2-8c73-f3267a31a993	013fff59-6609-466a-a682-9a3fc629806a	1	1
5d9f63a8-ced5-45f3-9257-edf002a07949	afdd3c86-678c-4257-baf1-1b8d493fd63d	0	1
5e2d9b21-fe90-44ba-b683-c5bdf60796af	637b70a0-8110-4da9-b402-377a4c21f44c	1	1
5e942de9-eab4-47da-a0d4-0eef3a2a0bbb	d07159dd-d251-4aa1-a66f-97fbd8a4b57c	1	1
5ea1e9ce-e339-419b-9619-5c8eaea01efe	a130b618-a87f-4afd-bcec-86f17bd3fc38	1	1
5fa67c30-ae81-4741-85d3-4ba1d8ca6c05	507f7efe-c7a8-4687-8b56-05d06a4643ed	1	1
60a44052-8d93-480d-96a2-5340845ba4bd	0380567c-2946-4ef7-bd6a-7f4a0293ae6a	1	1
615314b9-9cf8-449f-b9ab-bc488b5931c3	887e4c8f-874b-4744-bacd-0a977b7f87ef	1	1
617adc00-b79f-4464-bb9c-018aa0fc7ccd	457dce08-ca9c-4ffe-807f-4f9ba6675f33	1	1
61cc218a-b853-4223-b34e-7eefc84ecde4	c752309c-6660-418d-945d-a945b02e9701	1	1
63702780-8fa4-46e8-815b-0b4c8a3188eb	0b0d03a6-5a43-46a2-aff3-a4e3bae539d3	0	1
63b324e4-8a24-412d-b787-3e4e37b0b5fb	e54550ae-6266-48c4-8f4c-15ed102843ec	0	1
63bfd9c5-6ee4-4c83-a8af-543bb7967f84	b5a60638-8089-4fcb-ad68-04e16027936f	1	1
64678964-9696-4007-952b-8f3b0bcec735	388a307b-4e96-4360-be3b-d326d2958a50	0	1
648333f4-ca8d-4f41-9671-d3c70af9b361	ec1d91a0-cbe8-4d1f-b7e9-799efc3550fb	1	1
6497ff98-7820-45db-a63a-9d8bd5c9cf8f	041755bd-715e-4a9e-b01d-8f6054410f08	0	1
64d92f88-275c-44a3-80aa-bec5b7a1521d	1e0589ac-3eae-45e6-bdbd-3dcb535ced59	0	1
65c6708c-5381-41ee-a324-6275c2456d91	139e87d8-f2bd-4b41-b01f-a494c09b747a	0	1
67894e02-571f-427b-bf53-9ababe0c3a6b	200c35f6-40d5-48bb-954c-e033bf5dec27	0	1
69610b77-f0be-4321-9946-0d135e180336	b4617307-b1fc-43b6-9699-3bd28fd8f604	1	1
69a20cbc-5920-4257-820c-a1076b3d3647	923bbce6-30be-4980-8415-a37f56187584	0	1
6a6d6b18-bea9-425d-b458-925ecc4795f0	6b26d38f-61e6-4de7-9180-21895e4bc59b	0	1
6af9a92b-c45d-44f5-b5ea-c021a04d1b41	18526d36-003c-47f9-a658-e2455d2465a7	0	1
6b2c0ef4-30ac-4022-baa8-b21d3232f3ce	4c66c07f-6722-4519-82ef-377a715e4d2b	1	1
6b5a6697-be2c-4738-bbca-332b9d11016a	473e5a9a-6054-4250-aded-1e6fd5ae1217	0	1
6ba42c26-8b6f-4ac4-b5db-b2b8ca361b14	ec2636e9-b61f-4a17-b984-47ed65cc4b37	1	1
6c24237e-fc31-4adb-9031-0d4723a5efc4	0720c77c-5289-42b2-b3c8-dd70a011cdfd	0	1
6d9b3f42-a974-49d1-a0cd-e078601a904e	88a68b58-146c-49f9-965b-400524d15ab2	0	1
6d9c05cc-5e51-4c48-a8f0-1826348c6a1c	18d6b8b9-19d3-48e6-812d-404f94f22550	1	1
6dfbb211-d57c-46f9-8388-a4cccf53f941	8cc53955-ffb2-4ddb-a60b-fad5b2fa3556	0	1
6e0526ee-4b3b-49d2-bb85-c90d25159ab0	c39ae56c-0243-4830-8cbb-f0906186428b	0	1
6e05bd0d-9086-4e78-8307-6761f5057291	475742dc-68c4-4c0d-bd63-9d1531d15f7b	1	1
6e888e5b-c76f-4f04-a68e-94cfcd4a6ad7	b7dfff94-f763-40de-8f9e-826c4f55b6ab	1	1
6f0d381d-1fa0-4586-8a31-9cb12fee5999	fa9c92b4-85d7-4121-876f-a466825fb266	1	1
6f6dc20a-c75a-4344-92ad-90ca8464223d	2b92f6ef-f092-4d09-8758-9d537103937d	1	1
702f9b65-aa47-4b76-ace6-ac5889443f5f	e9788422-9eb2-4e98-8b8a-d2da6522c40a	0	1
705636ec-0433-46f1-8219-1cb81f836cc2	e67b1bd8-5d9f-4fbe-a5ec-1e149a33fec8	1	1
707a12a4-4197-4c18-b827-0306c60180df	ae559c35-1e3d-4521-a2f1-6b591aeef674	0	1
711b74f1-28ce-476d-9391-d5621db2ee7c	c6bdc6ef-7bd5-47d9-a1eb-8d9972af65a5	1	1
714f7326-46b7-4da3-9d3d-22cf86612e4f	a39f2cd1-f273-410f-a9e4-736dc8582cfe	0	1
71ad1960-e22b-4f8f-8d13-5c3c76fc7e0f	d9aa4134-8c24-42c3-acc0-a1009b6b0f8c	1	1
71b8ca3e-f871-4d05-8668-75536c97a15c	e2884692-99fe-4973-90a5-c7f8abba0ad5	1	1
72e61222-d77f-4456-9366-071e2a6150ce	1170e91d-b1da-4818-85dd-2a45ea2f9862	1	1
7353d340-323e-458f-9160-1014eb73d3f3	f4fbd296-8055-4d75-8457-755f4f264e17	1	1
73aca47c-b8e2-49bf-959b-d6b90bde0900	f0445958-5132-4d4d-b34c-26026e1a0504	1	1
73f8faad-85b0-47c4-871f-bc09bc76bfd2	8b6128ff-bd88-4bfb-9603-5af6a0bc3a2c	1	1
7406aafc-ef7a-4731-bfd9-0cc692431d08	9318e980-7b6a-4b19-a286-69755eb30dea	1	1
742e0117-54bc-4591-97e9-5765db488df5	32b696aa-29b8-4e36-824a-372cbb73eef0	0	0
74aeb8e1-fc94-4d3c-863f-8fe0a3ad6156	32b696aa-29b8-4e36-824a-372cbb73eef0	0	1
75893a4c-c661-4255-9375-3c8565917465	e3b64875-9a77-4ffe-a670-d1ffb1aff99b	0	1
75c33661-ab14-490c-b3af-35e731846da1	83a0c6b3-cbbf-472f-b717-b7e8096281c1	0	1
775d176f-45c4-4581-b8bf-6906cc8a798a	29438028-336a-47e2-b185-c2950ac1f6f5	1	1
77f425c8-2b2a-4c77-8c4f-3dc85607a84c	6d718989-bd13-467b-a845-8bfd239858ff	1	1
785c241d-1259-41b0-afc0-65a5cd1d71a4	b45acb40-d46d-4bce-ac44-5961c6e5ec6f	1	1
792980be-5c65-4b98-9708-d80dec48407a	60138e4c-a5c0-412b-8860-eec816b7f71b	0	1
795e374d-eb2e-411a-8012-129ad6035142	b2bedfe2-c336-42c0-bbf8-476e1344dc35	0	1
79c6ce0c-bc87-4886-99b8-e19df2874b8a	7586e4c7-ae63-43b3-980d-3a9f52096c57	1	1
7a302309-9c7b-4963-b98b-e8b94dfe49f4	5618aadd-21d3-4170-985b-8caa299b87ea	1	1
7abddf88-b75e-4a18-847f-7d70f549d43e	143cda0f-a556-4d28-8d33-36763eed14f3	0	1
7aeabfdc-bde0-4568-86bd-bd7528431086	d723ce9a-f30b-47e5-b52c-a392f14fedd8	1	1
7b2e31ac-bd77-44a4-8cb4-b22de2b450a1	6b5524dd-7c88-4433-b79a-0797b1678aa2	0	0
7bfafcb6-77cc-4297-ab1d-4b27551836c1	a39d7307-bd9f-4fbe-b7c6-ca0bbe48ce5a	0	1
7c0ab331-dfc5-4b8c-8282-31b8f65c1712	4673284c-68f0-4107-afa4-d569ecfaf847	1	1
7ca17037-f9a6-4f0c-bfc5-3e18a8b6bbb6	4861abf2-67fb-4bb8-99d3-dc65bbde7958	0	0
7d7aa384-5fe6-46cc-b708-57eb97382edb	0c9f386d-aab0-4a02-9ff8-daefe0800270	0	1
7dca0a55-33a6-4a2b-9ff9-cf459a12203f	a7ec7e50-79cb-4a06-8d48-90903d09f213	1	1
7dfa3bd7-c92c-442e-9d50-1df9b554765a	32b696aa-29b8-4e36-824a-372cbb73eef0	1	1
7e777c46-1d5e-4a2c-8dfb-2c506bffd603	dff2a325-be4b-41f8-859a-1f09753d3b5c	0	1
7eb8c66f-3739-4f40-9aca-df15792fae9a	365a4a29-ed46-4e00-ba3d-90ca3ffcce85	0	1
7ecc4529-3f7e-49e5-b5e6-83d4e22019cc	a519ee47-527a-4537-9c51-531bc58afb62	0	1
7ed498be-2ce7-427c-8ef0-8771304dcf63	d80414be-400b-479d-940b-155c995733f6	1	1
7eed0055-2cdc-4775-91aa-54a66dbb9428	7db16481-6729-4e50-acc1-24c797c0f749	1	1
7f10f021-891e-4a9f-8fc7-e45b823d87e3	abb3d3de-c161-40ce-bc77-f438fca5a398	0	1
7f3c217b-a5c7-4b4e-b1fb-43cb73ce4a3c	5b8eca17-85ce-424b-a5a9-4647e7a501c2	1	1
7fd4a0b9-d41f-4d1b-baf2-9de89858c8c9	ca741170-73e0-453d-ae4e-6c775b0ed4b8	0	1
80b14dfb-b189-41cc-a43b-3e59a6a97210	32c604a2-5f79-4daa-97db-1968edf56cef	1	1
80da80f1-ad49-456a-82d1-9eb83180eadb	f06a5119-3be3-421b-aec4-2f3d43d7a0db	1	1
80fb2c87-a0b3-4069-8613-721d64c4684a	9f01c72b-8f60-47ae-9e8e-946d05117c96	0	1
81b2d346-f2b2-49ce-8157-ec467a197299	c0df7296-2dc7-414a-a192-6a4a67410df2	0	0
81c00c0d-c601-4f7d-b0b3-f5e818f6c604	99923e0f-c629-4489-a185-e9248a6f6636	1	1
81e6bd0d-2c68-4118-b21c-a207419f5f2f	63507af3-86b3-4d95-b74c-421b284903a0	0	1
828e59cd-0591-4871-b281-5d43118cb07c	ea925767-06ea-4163-8fc6-c8b5eda446fb	0	1
82a90003-c434-4799-9471-f01c583e4be8	95bda561-1ff1-4283-a90c-48e31d8336f8	1	1
84a76697-f203-43cd-a439-64e4297b0c9c	580ff2aa-aa41-4dd1-b2f7-93673a2bbe64	1	1
84d3ae4a-ccc3-42ef-bee2-6a04e5a6c355	e3bbe4c5-540f-4951-b10b-eb5bc02585d3	1	1
852b4b3e-5936-40ed-bde8-2dff37b4ee3c	342ecc9e-5086-435f-bcd9-369e2982af3e	1	1
86249ecb-c501-4edb-889a-a32d77633640	1e757eca-0fdc-49df-b658-04937a140de9	0	1
87400aed-b057-4563-8d5b-f13e3796f0d0	a63e3a5c-252d-43b9-8a8a-223495e50532	1	1
874e6d4b-6015-4a24-bd80-298a275384c8	31d6106b-79a5-446a-828a-a1c8935a15a1	1	1
87866cc0-74a4-47f3-8b04-e907b7b7ea32	d0e104c8-8119-4cf2-b103-2cdcdccbcda7	0	1
883bb637-5002-411f-8dea-4c2230894414	3d047ceb-b742-4eb8-aa25-a0166591f03b	0	1
885c49ef-8b3d-4457-ad7d-d5da2260058f	17c35fd3-1e83-449d-8289-ad2b910cbc11	1	1
888f5d8e-32ea-4e12-8189-a707b40086b3	03fd6714-3390-48e3-869b-9c8d2c794ecc	1	1
89604355-cbc2-494f-9863-6e240b2d7580	07f4271d-b74b-4eea-b7e8-979d816709c3	1	1
899f8ff4-9f1d-428c-88b6-ba8ea3d0ae06	860afc05-abce-4884-9e6a-f5e7aa9bb4da	1	1
8a802eea-7293-460e-82dc-fbee6cc2e840	b5cfaad0-052f-4581-8716-8eaa0a606c21	1	1
8adb53b2-e38b-4a67-982e-d7ce81eb11bb	1629c152-4295-4526-b024-c16e33e2c2d1	0	0
8b12fbdc-7513-4753-8398-c1aff5675737	1230f032-69fd-4087-a43d-6d06682c9713	0	1
8b420cc1-105b-41e9-a4fd-f853d23a5838	765c56ba-c654-4eaf-a883-eae87f569a3b	1	1
8c339da3-61eb-4af2-9f5a-f0e24b177459	1e757eca-0fdc-49df-b658-04937a140de9	0	1
8c4ef353-df45-4828-abb3-02344dc758e5	eef73861-f292-4d2e-87f5-1fefc1dd391f	1	1
8c5883de-d8c2-48d0-a438-53c41eed3a30	7c49ca27-fa25-418e-a311-ded5cdd93223	1	1
8c6ce23f-2ae3-4e43-8ec0-e86b0d6402a4	5c564f25-0682-4202-9712-3e50c61ca02c	0	1
8d14279a-c31d-47b0-b17e-a4303180c9fb	fd33ee20-96fb-4bf0-ae25-d1f9f53e30ca	0	1
8f6deba9-228d-4afa-b9df-cb3c94c2a663	bdb71740-94ea-44bf-9eb3-e75c34286c12	1	1
90244319-5597-4ca0-9b0e-c275e64aa762	32b696aa-29b8-4e36-824a-372cbb73eef0	0	0
90826173-8c3c-4654-b884-de149a697cbb	fc315343-91eb-4892-b7f5-14f246e6171f	1	1
9089c4c8-dbd3-4731-bca0-abd58a9686a8	8d408368-40ef-4150-95e6-3d40f1ac53a4	1	1
9127d725-19aa-465d-a1ae-91e5fa6e5f46	51492604-af3f-42bb-ac5c-d842815dc8d3	1	1
9165a72b-76ff-478b-bd6a-ca37a7d69ea5	ecdd28cf-d373-4f73-9d93-f9e7b92fabe6	1	1
9182310d-92ea-46df-bd78-07cb84948dbf	29438028-336a-47e2-b185-c2950ac1f6f5	1	1
91a95290-30ec-4022-b31a-6fb1866c4903	680ee027-4dd2-44b4-8f48-fcb836fe4757	0	1
91be0d79-74e7-4b6d-add9-3685193b0014	8c9c8273-eb70-4620-bff4-ddebaf3545fa	0	0
92134e39-d757-4499-964a-c05102b41221	73967f19-2261-4824-a23e-46fe78775376	0	0
92e662b4-d806-4e43-8e46-13b5474e3a02	52141c56-9c4f-47ae-8cf8-052be8838dba	1	1
92f15fff-d504-4f01-aa1d-35a36d74ad19	7747d190-9ba5-46ff-b7d0-152b99ff360d	0	1
93502fa4-f0bd-46e9-a3f0-b2a72b2aff05	50a54d25-edcb-4e0f-9f3a-258ad0080967	1	1
935f197a-98a8-40d6-81c6-c3f67f00ffd2	7990c42c-4f22-4ea8-adb3-a4c7be53958c	1	1
93c057e0-ed40-4e60-b9aa-d96efecde72e	5e924b86-589e-411f-8c76-406fcd8c1bf5	0	1
93fe7591-1f5e-4bbf-8d77-9ddd8049172f	4ca0ee25-c88e-460a-ba30-53a635a12dec	1	1
9411c2c4-1bda-4445-9a88-2b61c1288882	86ffbdd0-a295-4eff-848a-7928bbcda44a	0	1
9424f7db-257c-492b-804a-a1146f08afd8	1e757eca-0fdc-49df-b658-04937a140de9	0	1
9425c3bb-a167-412b-a3ad-4f2de0e27ba4	9b8e517b-7de4-4609-afe9-adaead3b148e	0	1
94922ded-6e5b-4ad1-922c-10ccda651a0b	7f3e4d46-36fb-4482-9597-169479da8009	0	1
94af4d8f-2c5a-448c-9c5d-2f8f1e16a8d7	8aeff66a-0416-47b3-b798-97faf2ba1c6d	0	1
94d85ec4-9e1a-4a21-9cf4-6a080e1b0576	c8c00acd-a666-4733-b6fd-aa495ec891a0	0	1
954be782-d311-4cc4-8725-05369b43ae5b	136bb1dd-e891-43d3-8621-2bb6860c8e48	1	1
95ca944a-fe52-4c70-9a6f-9472912e37e3	7549f2e4-2ead-4c78-914c-ac6a1cb0012c	0	0
967e4f38-ea63-4eab-afb7-9d3f9b7cd416	9ff0c837-4ce6-4065-ad9f-eb6386b58527	1	1
96c1ba81-45bb-4b64-a3b0-ff8db7028f91	e263b16b-fdbd-47bc-97ff-9009b2b2479c	0	1
973668c4-4054-4d60-b81c-0c21602a2042	c52300c4-6562-493a-84c5-bfeec7689350	1	1
977d025f-bcec-408f-a3a3-918ac443e7fb	5a427b32-220a-45c4-8742-3e48523d21b0	1	1
98627e6e-4936-47ab-aae0-1b9b93464bd4	5860b13d-0053-43f9-b8f1-49c929cc235b	1	1
9883d1e5-9272-44f0-b759-1f3a90aa7612	1cc4ec05-d7bd-42b4-8e73-83cd6f06f7ce	0	1
9938c53c-6bd4-4de5-b3ab-7f7565949713	165be48a-184e-49a3-98a2-48cad577f8b4	0	1
99769191-e23b-4025-8753-31b238acecdc	6c7fd840-38ef-4a17-8892-eb7ba9c076b5	1	1
99d98a52-27eb-44f6-b1bc-4b6a60332aed	f1590d66-c925-486d-a09a-715ee222bec9	0	0
99eb7959-e9e3-4a76-9249-69cf6428d378	acb3b18c-5222-49cc-a3c6-d9d96219f3fd	1	1
9a08d93b-c43f-40a1-8b11-31d66f6a2f4f	34354a3b-e56c-472c-91e2-86bc42edd067	1	1
9a6e1375-45cc-4cf2-a749-927624b8cec5	1b46179a-81f1-47ef-b07f-9acd4cf8e0e9	1	1
9a8154e2-8264-4943-9201-4a49288f9fed	c57f7145-f9fb-44f4-97b3-072d82fad37e	0	1
9aebd09d-0e70-4e07-914a-f4d43ed274d1	073c1d70-f8d3-42b9-976c-5581cd6229f9	1	1
9b697292-0bf8-4c41-86ae-8e884b783ca9	2fd6d6fd-92fa-4678-af4e-19e501530ff8	1	1
9b7b9b51-6800-4648-8e64-42a1664e3d9e	32cdaab6-45b1-4a43-9123-f18f3896e014	0	1
9cc5040a-6eca-42c4-972c-33ba1ea54897	c421ad27-b900-4810-8777-569ed79b2152	0	1
9cc6fd3c-4fa4-48bf-a2eb-2d0ddc7a4338	6cf6e93c-0760-4d69-afbd-2f2dc5334bed	1	1
9cd29777-c015-4646-8d64-dbf1a5d0b56c	38e289a6-0868-4277-b3d4-3195b9b218d5	1	1
9d3b28d9-7471-4db8-8b03-d7fd33bd57e9	c3eda24b-c4ed-47dd-ad87-3c1934ad3667	1	1
9d5afc42-97fb-407b-bf84-236d4eee2227	c7d1df0a-c01a-4485-a55b-86736e24f202	0	1
9e2bd3b1-d520-4a84-97fc-456fbf0fb94a	7ff7e4b7-3e07-4d1e-be06-4f3410b50c26	0	0
9ed7cdc7-2600-45ee-a620-b26204da10a7	c624fe4a-2937-48e1-b594-a84d9e397a1c	1	1
9ef2e481-4ddc-4c03-82bd-14ea07a8c992	ac8f9d2e-609e-4732-b40b-e72550c7872e	0	1
9f116030-bc2a-444c-bcb2-db89a1030731	8de7ec8a-9c0c-4287-82ba-96181ed30d78	1	1
9f476553-9c4e-468e-84ad-fea7df872581	37f5e54f-afdd-4d3d-8947-70947e3c4227	1	1
a05ca098-82c7-4fd8-9c83-9290107fd99c	8170c3f6-a971-4244-8770-3d6c0b1f0f4e	1	1
a0e9d7e0-6c74-4be5-aa6a-946d5a994645	8f7ab3cf-53de-4dd3-843d-45bd0e6738e0	1	1
a1611aef-755b-4df8-abbe-b1c80b9d86fd	0dad8c70-a7c3-4458-98a8-a36b478884e5	0	1
a18a7bea-bdf9-4f97-a0f5-82e18b2b1199	66fa65af-0d79-4089-b6bb-8990676a00ea	0	1
a1c9951b-785a-4acd-b789-c26a8689eeb1	3b75279a-92ef-4170-b295-fb974037e062	1	1
a2496883-7b17-4ddc-8c5e-5004843db3a8	a6a13d99-9e15-4585-b1cd-a4b0aee884fc	0	1
a2e71feb-6935-41a2-9cf9-e43c78276fb1	bf443777-51ce-43e7-aebc-994578cc38f4	1	1
a37b1bfb-aec4-4ede-acf5-58a87eafa172	da7a36c1-dbb0-402d-a781-2a15d9628aae	1	1
a517138a-e905-4d19-b331-db53a9c91daf	1e757eca-0fdc-49df-b658-04937a140de9	0	1
a57dd2cc-c9d6-4ba5-ba4f-1cd75dd97882	17e874df-bd00-4b2b-81a8-bfcd7575e789	0	1
a5c1e2c0-9f98-46b2-81a2-644ccbe7dfdb	3de9d8a3-5e83-4953-83b0-0d2abe09beff	0	1
a62b6a48-caff-4efa-b58d-866f2c320d0b	88c2525a-61cc-49be-bbe6-af1d74194090	1	1
a64d9a18-63af-4d70-82f4-2c6a812b8841	d970998b-b0a7-49b4-b3ea-a0631314fa6a	1	1
a6578602-2032-4472-a364-839897a6fddb	df27e8f9-6622-4fbe-8c97-6d6788060f4d	1	0
a75f83be-6309-4767-bcca-53826a95c877	1e757eca-0fdc-49df-b658-04937a140de9	1	1
a7bdc6f8-1b43-4576-ae28-a2dfe2c854c2	06080557-07a6-4d3c-8e7a-3ec4b2a5f08d	1	1
a7e28d32-1eaf-48ad-b20d-6b5d5103ef88	9265a608-c6dd-4602-b152-4262d7b4cf31	1	1
a90ca8e9-0e26-48df-a4b6-02bad2975376	7a157c41-ff3a-4b8b-b588-1e703d964267	1	1
aa306b7b-c57b-448e-abf0-9aea8f61feb8	2fd62b5c-1a7d-4312-933d-eaf7e4692d10	1	1
aac74fb8-c082-4ab7-91f7-76e9747a9469	27d26d31-7ee9-4f7d-bc82-cdb44bf54a0e	1	1
aaf780c2-160d-487d-bb44-43d6807db50f	c9f62a4a-365c-4521-9773-2688967416f1	0	1
ab16ee1c-4c5a-4804-8b17-48454dfe54b9	ecc4576a-a15e-4176-8675-88c4248064bd	0	1
ab789b23-354d-444b-beba-c6a8beddb2bc	27117c1e-dbb0-40f4-9759-65be9724b81c	1	1
ac28d15d-2f86-4f49-a208-54a97c0066c3	18ef8c0f-6ff3-40b9-8dc0-6b658e91c2fc	1	1
ad12ee0f-2bb7-47e1-8379-944a4c5ac158	6db39062-fb6e-45ee-a7cc-5bf69a19ff8c	1	1
ad28eb33-7af7-4094-9079-2be0a972d003	636d8f64-011c-4577-8238-7df53687da08	0	1
addcfeaf-8dc6-41d3-8c56-593276b67f67	f1af49e8-0157-42c1-97b1-0eef0ee18b67	0	1
ae0a8ff2-64ce-45f0-aa40-3598df2d1632	6e867a21-2fd5-449e-a397-9f3fe2c71f10	0	1
ae1e884d-c394-494e-90a5-c57be0ba6f3b	68f8032a-da21-436f-ac1c-d12c5087bd0a	0	0
ae21ddd0-3cc4-46b6-a48e-a3adbcdca8c4	145deb27-a115-4693-80be-be5a86eb210c	1	1
af269f4d-4056-4600-b7a9-e3cf48a6f0df	1e757eca-0fdc-49df-b658-04937a140de9	1	1
afc39bb0-796a-4c72-9383-9d09a42a3cbe	d9afc11c-2db9-45e6-b14b-5249d56300ce	1	1
b0de4c9c-9413-49d8-81ff-266dc73db95c	4ad592b2-c5a3-4ed6-916d-7e930ddf5213	1	1
b15d63ed-571e-4c4b-87a3-d73e5419c58d	ceeb9afb-b4b1-4da4-87b8-db0b62f34173	0	0
b21891c2-a0ad-4cad-9708-d14c62124ae8	dc767aa1-2e4f-4a8f-9048-f0ef79b2a165	1	1
b2a3fcc8-d4ae-4bfb-b91f-24c6387f93b8	7fcd7fe7-ce2c-48a8-8d34-16bee9cf91f3	1	1
b337b927-e61b-4eb5-befd-2b79a90091f3	34f0fd31-4ee1-428c-a60c-5af7f1b4561e	1	1
b409f6a6-d423-4658-9be6-a38a414b9e5d	c5512489-ec40-49f8-8903-535d381e8ed3	0	1
b445b210-63c1-4833-afea-b704eb842b26	bfbd5ea6-031e-4d39-ba20-02589458ad23	0	1
b4e09e0b-6832-4849-a35a-6bf7e3e3da0f	b7c678ed-2b45-45b4-b774-a3eb05407862	1	1
b4f69972-e5d5-40e2-9c6e-efe3e5ccbd18	cda9c1dc-0aa8-4b53-b76b-a5e21adbf2aa	0	1
b526856e-f973-4f85-a51f-d8d2665ba23b	36c9b785-8c8b-42d4-b678-9d86d31fb132	0	1
b560bab5-1212-499d-8c0d-4bc92c7aeba3	19e97ccf-9220-453d-8733-171b9100a0c2	1	1
b59011b6-09c2-4ecf-8afb-1c972312d02d	dd2cd06c-9f3c-4d5a-862e-cd7781cd1eaf	1	1
b5d1eaf3-8eef-4b43-a53f-b3a9ad0ca0cd	df3f4248-e24a-47e1-9805-4cb062e12058	1	1
b7502b24-99f5-4027-bc36-b7e8741b94c4	8944b40b-4019-4b1a-9646-08400603d448	0	1
b78a710e-7925-4239-93eb-d905793646f2	a4ffbcd6-f19f-4d69-a8aa-ebff0935d587	0	1
b80ee1b4-4b86-48b0-8996-33e764e18d1e	77940918-cb18-4007-ab4b-31aa672a4d16	0	1
b84e6a1e-b19e-4d58-ba83-fd273744f1cc	39ac6262-b7a4-4260-a9e1-d3e55d262509	1	1
b862ffcc-1088-45c0-a95f-9936ddd47939	75e3b2e9-eb1c-41cf-b359-0cecd6bd94dd	0	1
b895adec-ca2a-4c53-b337-6c042aad9671	e86e3f49-cb3d-4495-befc-9c494270eca9	0	1
b8c1b7b8-3f62-4e9c-95fa-3bb5e93a3cc5	c8851a52-0246-4c73-9722-c1e090f2116e	1	1
b8df5378-c8a4-462c-9506-27730639476f	98bc0b3d-5a13-4e0c-a617-8410043795f8	1	1
b9db893f-3a4c-4811-a575-7e30b02a2a9e	88263e52-0f07-4300-8176-db3fbe2a5720	1	1
ba1a9feb-14be-4f9b-b7fb-0b3b4e7c929a	f3fed4ba-2ad3-4653-bd48-2ff49d006ceb	0	1
ba30f779-7c33-4131-9d1c-bdc1282c1e98	91de2d10-b5ba-484a-93d6-89591734dce6	1	1
ba410102-085c-4dbe-b9c6-0abf2a32a263	32b696aa-29b8-4e36-824a-372cbb73eef0	0	0
bc16df47-b9f7-4f49-b823-c2cb5c53a2aa	8d7862b1-1963-4fe8-b353-5a6a76b4c27c	1	1
bc1dec11-33f9-49ae-905c-e5b4d51183f7	4e3eb44c-d467-488e-ac34-06e9ed25d79c	1	1
bc7ddd3b-d832-4add-ae21-4010f372fba8	862f9377-1d46-4841-9d37-0eac14fc3a42	1	1
bc9b3c1d-cc7f-4168-89e0-8b8aa1f21612	9e8f9882-010c-4f96-9f50-d014588c64d7	0	1
bd30bffe-9fe7-4532-a33b-aaeb8dfbc872	16aefc77-f5ca-404c-9a70-773afc321fa7	0	1
bdac0838-ab42-4d34-8ab8-fba5e4094cb0	09530001-1e12-465f-8526-dc9515503196	0	1
bdd96446-444d-4ecd-8516-dff389e1d221	79803c6c-119a-4d12-bc51-681af1f240c8	1	1
becb6628-d3f7-4bcf-a348-3e71119f3c56	50e0d8be-5858-4185-885b-77cdd1d7b8d2	0	1
bfbac068-f0ef-40b4-ad1d-83632c25e153	f28856ac-3ac6-49e3-873d-45b347810278	1	1
bffe54a5-fcf9-40a8-8c8d-39dbdec608e0	22ec9f6f-533c-4d55-9ef6-27645e272b1b	0	1
c10c1875-edc6-4388-bbd7-c74cb52b6f70	4fa0f4dd-5faf-4068-a38b-a7daa26d8884	0	0
c150ad95-88e9-463c-9c01-e49eb764f006	2517c0a4-fac5-4d29-b667-041aa7ff12b5	0	1
c163e3b5-8f27-4e41-a12c-e3f5ebd5de24	81930d9d-4c79-4be4-9aeb-f080a60270a5	1	1
c1b94e4c-be51-4f7c-bdc1-1f6166d4e1a3	380d08a5-1b86-48e3-8586-281586039fff	1	1
c24f5485-ba7d-4ada-8ab7-2aecaf58ed01	94f538c4-77f9-407d-91bf-9e23fa831138	0	0
c254452e-0c71-4b48-881b-64d852e661a6	4de66d9a-309c-401d-bd7d-f288411bf9cc	1	1
c2fca46b-b153-4eab-bf11-b82f93b3eaaa	8ef2f876-9c5b-48d7-98f1-29c2ace77355	1	1
c33b509d-8549-4d7a-a8b8-20e269d6d17b	ebfcd946-1396-4fca-98f8-3aac0c96cf29	1	1
c36c44b9-7a23-44b2-833d-822fad76aa68	ed0ce095-7ba2-46a3-987d-738e8029be8d	1	1
c37721a7-013d-4f27-90f1-ddc862ad863b	c56d17c6-3d03-4b3c-90b0-36b24543cc84	1	1
c3cf8874-0c8a-4735-ad74-a6ad6d7754a8	6f08a678-477d-422b-ae46-22cab7586599	0	0
c43d91a5-5467-46a6-a877-cf24d7b95811	c733778b-1371-483a-847b-3b970682f656	0	1
c484a506-d94e-4448-ab12-8abddab2da23	69cdadf2-8c6b-426b-aa27-844b9a6d7160	0	1
c4ffda2a-34d8-449a-ab76-8b1fa403c146	4b6cf7cf-6fb3-419e-931b-7117ee1df8c6	0	1
c51d450d-8bb9-4b31-a483-f47f81550c78	e3c1350e-ae2e-45eb-9f7d-91172c29fd00	1	1
c63df81f-63f3-43e0-8b56-037292151b3d	50c52eeb-015c-44cd-a3da-44f032df303a	1	1
c6826613-489f-4fee-ba03-c84bd33c344b	eaed4d00-8f02-4ac8-88c7-5afcf637517e	1	1
c688f981-6706-4537-abfa-fa454d2f2d0e	8a8f3b7f-84a4-4268-ba06-8df4eb84d9b5	1	1
c6cc4459-919f-4756-adf8-7f911fca5a4e	fd09712a-8442-4678-9168-1695af7e9355	0	1
c6d685be-9239-4fe8-9f4a-9a0758a01684	8ca57aca-73a3-4496-81c7-4011fd132470	1	1
c6ef839a-71c6-4f92-bfc7-8a71560cf23c	3c43442b-120f-4a4d-a646-8318f7bc0aa3	0	1
c7ba4501-a30e-461e-a080-a8ccec27ef8a	32b696aa-29b8-4e36-824a-372cbb73eef0	1	1
c7f1c554-bdd1-4d2b-81e6-cc5524895287	75363d62-35f3-49a6-9712-0483c02aa7aa	0	1
c9038dab-44cc-4298-acd6-267c3b68eb43	a8e7cb34-c924-4448-8bce-48a7eeab0451	1	1
c9132d2d-cac8-467a-b54f-bf27dcbd61ae	6d335762-a1fd-4511-9db6-0ab50f96e4b3	1	1
c9175b73-1f3f-4db0-ae74-c613383d7ad2	b2672033-b06a-4420-8697-cfa82edd37b4	0	0
c9210493-9a1c-469a-bc79-d8519b291ada	d0eb80ac-4194-4ace-9db5-67b6df19a547	1	1
c948b810-8b9f-4eec-9350-420558b55f82	555757a3-b5f8-4501-bc0d-6d743fc34bfe	0	0
c9719213-af49-4a9d-a541-2387697372d6	ca589b7c-48fc-4003-adc2-5ba23edc186f	1	1
c9917472-dac1-4c30-a8a0-71caf4e2f5a4	a58692ec-66f0-4850-b11c-4e4aebf7da06	0	1
ca1033cf-f2fa-4d38-831a-d008a51bcdc2	8256c9c2-b101-4bb4-9b2f-61558cd35af1	1	1
ca4eb43c-ab27-4e20-ad3e-520299d37d1a	b97978bb-5715-493d-8639-e5eafc02de71	0	1
cac285fb-0e04-42c0-ba69-4351a78bad0e	1bfe8e62-259e-4433-b65c-8921547c0fc5	1	1
cb252642-f4c7-4c6c-86bb-a3f1ebf24245	be0c611f-b65a-44af-90d3-9547f3f1c96e	1	1
cc1b3de1-38bc-4f0f-b4a3-86e75820e84f	6437ce67-83fe-4ed2-8e5e-e9a8237164a5	1	1
ccab139f-164a-44a9-95a7-083f9804c213	9993ff27-3424-4f41-b372-36d4993d2177	1	1
ccc84bad-b0dd-46fe-8794-7d43f0b513bc	32b696aa-29b8-4e36-824a-372cbb73eef0	0	1
ccccb2e4-234c-4c04-90f4-9ba92600accb	88c2525a-61cc-49be-bbe6-af1d74194090	1	1
cd1c9f3a-df9f-44f1-95f7-fcc8ce79f7e6	d8bada9c-0b43-416f-a981-598229937094	1	1
cdaa1fb7-7781-495d-9b9b-f6f33f453b44	625b1c50-7e5d-4a1b-a37f-69fea19be7d5	1	1
ce0065ef-56be-437c-a729-d086f411b1e5	3ef6902e-373d-4ded-9503-2c27275cc019	0	1
ce4362d1-e1ab-40b4-b8d9-a71333fef4ed	fede7c48-3989-4820-8150-79c4f3211cd0	1	1
cecc2885-b75f-4d46-90f3-677dfe98392c	ba96c9b2-767d-4ac0-b5be-9022ae1d38a1	1	1
cf01f745-2387-4cb0-aaf4-b11fc8164b06	5067d7ea-ebcb-447a-a0c8-2c5713407aa1	0	0
cf8ea607-c0f1-47a0-9153-eb68fecd8823	29438028-336a-47e2-b185-c2950ac1f6f5	1	1
cfd4a309-342b-43da-bcd2-67118146d092	fc7b5223-a4e3-4b8b-90b3-ec46f9118e16	1	1
d0579d77-e879-4fd8-a5e5-3c178c5cea94	d4ac6990-c808-4d2f-9abc-583b459d62d8	1	1
d34e1ef0-0a9c-4f92-82c9-9476d0d938be	f4d2f24c-73a2-4a80-8398-f0e20cdd9427	0	1
d36bd312-973b-4db5-86b5-50fae969bf30	0f531700-cabd-4726-a22e-2ce930405340	1	1
d38b75a6-ba54-4e09-9f8a-29258dafc414	5fc829cb-d4c4-4c21-8c09-f0818430bb9f	1	1
d3ccefd8-7ea3-437e-a4d0-ab0bedec353e	3c8d6fc1-53e3-4631-97b3-68366a08c00d	1	1
d3e360e5-8523-4a3e-82c7-95168e8df8e2	bcbf6881-86aa-479e-ad15-4723f9be9ef3	1	1
d443f49a-1149-4cf1-a79a-73a6873668f4	90aa86c2-f133-421d-8e9a-9f06b389538b	1	1
d67bdac2-3c0b-4797-89e2-2cbd7934727f	1cb94f4e-2522-42cf-9e2c-a68387e9e737	0	1
d6d935e1-d1db-4fdd-b67c-a4ae511ea6f4	cafcd23d-9fdb-48ce-bc4e-b8e597b52d98	0	1
d7a12ef1-79fb-4ffc-8dd6-c168277db7cf	a88bf306-6640-4d04-b850-c66418c9c70f	0	1
d7a49f84-fc46-476a-bf98-edd0150eeebe	50216373-1a0e-40b2-9004-ecde2cc75a43	1	1
d8908aba-f6bc-4d75-b429-c2663bb7c171	9d5e86a7-16b3-4903-9deb-a114ad009dcd	1	1
d89e6633-3a34-4e47-98e9-9b5bd6e8a730	f4c4a6fd-adc3-4a4d-83a7-f5d99475ab12	1	1
d8b43a61-c7c2-40b1-abc2-fe25b9c0c224	48dad22e-14d8-411d-b0f0-9df6011d6da9	0	1
d8d6d4ce-7f1c-47da-889e-b37c248638e4	87dd6d12-db3a-498f-9ae1-843c6b8863bc	0	1
d97218db-cbce-468b-a762-fe64e151d996	e54475b9-0651-494e-82dc-98ef7afd8133	0	0
da34826b-a2f2-4b28-be23-faa9966cb868	38c85036-a4b2-49df-9d91-6ea85fbf1c03	1	1
da8148a1-c35d-4ca0-bc67-6d8bb45ecb33	7226849f-e886-4285-a467-d925d4b3b7d6	0	1
dabb8a5a-d4fe-4f54-b461-6848c71fcced	cd66de6d-44a0-46d0-8176-a486065fd267	1	1
db1bac08-ca22-446f-99c7-9ea7ac707436	6f08a678-477d-422b-ae46-22cab7586599	0	0
db2154fd-6521-4f6e-abac-f0c73b3b0edd	27ed27e6-e73c-4813-8d4a-a114149edd52	0	0
db52629f-a25f-4a67-874d-ddcb76b25a0a	ff676747-987c-43ad-bd0d-fb89e6086c50	0	1
dbbf259c-7b98-423c-9ab2-161166fe9fe8	161ea68f-3631-4682-920e-f761cc68c22a	1	1
dbe9845f-a368-4742-b51a-73958f637608	1e757eca-0fdc-49df-b658-04937a140de9	1	1
dc5bddd0-cfb3-4d0e-be77-5e4b4199e077	6dfd7411-51b6-408f-b38d-15df6725f06f	1	1
dd2bd159-fea9-4f3b-b4b8-a91b21afa461	32b696aa-29b8-4e36-824a-372cbb73eef0	0	0
de7de181-d999-4719-a0d4-2aab8ad4e458	f9d1156f-5abd-4368-a6d5-6d4de50fc2bb	1	1
df03f9bc-0730-4c93-9d78-eaa0b3cdc044	e1d5d223-2d29-495e-a75f-ff1f1dca98ba	1	1
df34205d-a2a9-4dba-a564-88f0d365b2f1	11e992f0-3189-4f4a-8f46-cf509f7bf089	1	1
e0b28bf7-6565-4242-9371-ef2582b5614f	233f8505-228f-4e3b-8130-4ed59222a5ac	1	1
e13fa161-cd71-41f5-846e-27cf4cc4cedb	d9884622-0f46-4482-b0e1-f17c2fc97d78	0	1
e233e61c-7f51-45b2-b463-651877f1082e	f1598805-54ff-470e-8175-e464b7c9ae08	0	1
e2343228-945e-4cd8-a703-31cdddc19767	2c9c9710-4f94-418a-abdd-9dbcceae9c0a	0	1
e38f6e9f-d3e3-4801-aa1b-aafb8a475d60	26879f7f-f332-45da-931c-2b14242ee799	0	0
e42caccf-39ba-4dd7-abc1-cba4532a495b	8c98f3ed-1b7b-4547-a8a0-4f7e16be26a9	1	1
e44f05e8-b6a1-4ae5-b312-b444bce1606e	706d0baa-79cf-47b0-996a-1f7fd0a514d3	1	1
e5ec3dc6-acb9-47cb-a563-cfd8ed1e81eb	32b696aa-29b8-4e36-824a-372cbb73eef0	0	0
e65110e6-01e8-45b8-a88e-623f6189276f	011aad9c-9e8f-4dbe-8fbe-eed36b016f45	0	1
e6a072aa-db2a-48bc-86d8-71bea4ef02e6	9a7b08e5-2376-4e18-b5a8-ce20841cf186	0	1
e6d7ed64-2ad0-4a20-a674-b1f56e819c0f	039cf434-a2cb-4f13-9b50-f3a5d346b6ea	1	1
e6e11086-025c-4f4a-a60f-11829e96c2dd	40eabcb9-db83-4dca-b235-f439f4b7eb9e	0	1
e759ef5f-82c6-4a26-9ae3-5c0ce6e2e7ad	c7ed015b-56d5-43ad-9f18-7dcfee0b9e27	0	1
e782d0b2-9559-4859-afbc-d64cfd70f567	3e91f960-0dc1-4560-aea9-58e9d731b27e	1	1
e8ce35f4-de60-4f0c-bac4-eca88c7048db	551d16c6-03ef-4a6a-b137-dad1ecd3442d	1	1
e8e1a3ab-f2ad-4571-b48b-735f3cb1ba76	a80da496-e3b9-46ab-b604-f9340d93e6e7	1	1
e8ff7ef9-0ad2-4c22-9097-054b518bedac	1b069dea-2e90-4f9b-aee1-2ced52489327	1	1
e943fb80-4c47-4554-b1d5-3d632107195a	5ef2c25d-5b77-4e88-8f6d-ba04ca131bf7	1	1
e9901197-a703-4bea-a736-6aaf854205c9	e1a623df-0b7d-4e52-ade1-7130b157f02a	0	1
e9b5d814-b6af-4731-bbd3-391abb76b2ea	1e757eca-0fdc-49df-b658-04937a140de9	1	1
e9c1678a-1071-4d22-b8e9-9f7cdae6b1b6	6d0db43d-dd9f-4f0b-b9ad-0e3897fdd15d	0	1
ea2b440b-c435-4f08-9676-40a525351e1e	99d9d6b6-fd74-4893-90e0-e7acdc89c8bc	0	1
ea83c8f2-aeee-4b4d-9438-b0469fba0518	7d2b84dc-243d-453a-961b-b1dc1201cf7e	0	1
eaa3ec53-4c25-46aa-9c7d-b766a30d6d81	64490857-8cd6-467d-8daf-4ec52f0a51ab	1	1
eb26856e-6ebb-4780-97a5-39afa74875ad	9b309d5e-8b93-450d-a237-2bf2547d938c	0	1
ebaad4b3-cac9-4b71-b846-5fc19af288c4	1e757eca-0fdc-49df-b658-04937a140de9	1	1
ebc06559-a920-4652-a469-eb91a00f5920	45c92616-5aa6-413d-8df0-13726fb364df	0	1
ebca1ecf-9f2e-4021-b2d5-8d0fd0e215cb	564f1365-4e67-43a9-8664-3df53bf35e51	0	1
ebd2ed0f-a933-4752-a174-6e3299a6aa82	c815ea87-cde4-432a-a76c-dbeb4815c9c4	1	1
ed2f1447-2bef-4082-aa63-fee458bb63dd	5f111710-fd9d-4624-91f4-082a48e7d240	1	1
ed625b9c-048e-4694-a5f9-02249442e728	3f309ede-5aae-4ac9-985a-659c9a1d3993	1	1
eddc98c1-20a6-4345-90ae-5ebea75cf914	a64ce9d4-ad91-4a76-9ae4-58664b04a23c	1	1
ee603d8e-ee98-453d-87d7-2c847bd8b6e8	1ef4e467-69c5-47e2-b29c-68cc1496e7d3	1	1
eea56b68-36ac-413e-8f52-b9df1b3b7dcf	8d04d5ba-cecf-4566-9028-d07112c09087	1	1
ef13b34d-a8fa-4a65-91b6-9b7eb47b1e5d	f7180ce6-59d3-4368-9bad-4cf6f726ebc3	1	1
ef417525-c9b1-4b7f-bcfd-4655d14e1995	7c67ae08-d5a0-40a7-9272-272a720f320b	1	1
ef60fdf1-7588-4865-a92a-4a7f99479c77	724ca19c-2b69-437f-9e89-a2020ef5dbdd	1	1
efb7db05-375c-4871-a3cd-f5f3ba02a2ca	9b3b4ccb-e483-465d-b353-636c28319136	1	1
f060492d-8d2c-4da4-9c43-32aefbd2262d	cdfad8a2-6446-4194-aec6-6e6bd2af8f1c	1	1
f0a681b2-f146-4767-b07f-70fe79efe3ab	1a84b3cd-6f50-4fd7-9c49-5fb599cd4da5	1	1
f0a84488-795c-4e0b-be08-36f96cdd2c11	b2a99b79-3da4-43e2-bae9-57deea4dd147	1	1
f0e17d28-beae-4812-989f-2a826a63c58e	d3d74a84-d22d-470b-9a49-168b3660d6c3	1	1
f124965d-8dc7-4189-abf2-6fbb8f7db878	8ce11a7a-9983-4a6b-b91d-a6e13daacf68	1	1
f152ad69-e6e1-499b-a0b0-64871d1f8358	8e11a63a-ff40-4df8-9ef2-96613cf2f699	1	1
f162815d-5a63-48ad-ba72-98ce6b8c965d	0ea0ecbc-f7a5-4c7b-a35b-9898e9674e12	1	1
f2baca77-1d72-4c36-8f3c-fff8871e7ea5	fdaa0af9-02cf-4d3d-9b99-fabcdd1697db	0	1
f2e06d0b-01fa-43b9-acf6-41c8e696594b	9ae9b879-1ece-4680-b7d3-625e4276437e	0	1
f30a1639-7d47-4390-ba6d-f5afede84af7	ed0d02e2-6d9e-4c95-9e78-9606b02ee730	1	1
f3d1273a-e34a-4f86-8b8c-e61e03ee7033	d8bb7b6c-4c98-4ae6-9bce-b4c3a209b05c	1	1
f414086b-977c-401d-b1e7-421a9bf01d23	b2672033-b06a-4420-8697-cfa82edd37b4	0	0
f470244e-c707-44d9-b6fd-abacaa9de03c	2b6c7f76-58e7-4443-9817-deec215361d7	0	1
f4f58bf8-f048-4b62-b592-e915f6795b77	a01aaf83-c031-4119-addb-77954e4ea627	0	1
f52e49cf-2703-4ab2-8ecd-a4d09421c8ae	e461d29e-4bbe-48d0-ab38-99cfb3514b60	1	1
f547a70a-3c20-41c2-9e21-fa1aeb06ecf8	e5e007bb-878a-4210-805a-c68379123cd6	0	0
f5660429-08ff-49c8-9e5d-d5273fda3ac9	5e3eede7-a72f-49bf-bcc2-f348cc467c28	1	1
f59f061a-50ba-45ed-9b90-ecd033124a95	2a3ea3ce-9222-4b22-8b51-bc2857003134	1	1
f5cf8707-5d03-48cc-b465-e603404087ad	41e359aa-30c9-4104-a2e2-2ff700ebb957	1	1
f6c7fb3d-fcca-490b-8535-de6a450372c2	37b6eafd-87d3-4f77-ad55-fd454b7afcc1	0	1
f76d3f9c-d159-4e87-91dc-54837922d96c	e1873798-5d54-47a3-910f-2740f6850936	1	1
f7c4c562-4ef4-426f-ab9a-4b039d0ec886	29438028-336a-47e2-b185-c2950ac1f6f5	1	1
f7f9e45a-6be8-423a-bb49-d8dc86cb9689	53c1813a-b3fc-4da7-af74-6c3a9c4cc125	0	1
f8b94b26-6b61-4686-92f1-dcc8c47550a3	d34cfd07-a001-4b97-82f6-dad5a3fdda11	1	1
f8d52201-5013-4f96-b776-4fa6489d55b5	b4a0c038-5fe2-43b6-842a-84530b0691ef	0	0
f93e2949-3ef8-4ce8-867f-59832f947c7b	b132ad6f-2a66-4a20-9dde-6897be97d93e	0	1
f9c055d3-b5b7-4d71-9faa-946ffc3a59d5	60b37c01-c103-47f0-a573-04c9f03999e2	1	1
fa128f87-a35d-4579-a7db-12e3ad26b26e	aa4c4d5a-8a19-486d-a4f2-a9768780b0a2	0	1
fc1f365f-58e7-4f3e-b8a3-95565100d1db	2ad4669b-387a-44e3-8a2a-9f69bb88dd9e	0	1
fd3d3016-112a-47f2-b2f8-b4613f4e37cb	a9352aef-e61f-4bb8-9a6c-2320e8c4d6e1	1	1
fd76cc70-9155-4144-b910-632993cf521c	a8e11255-b8b6-4394-8906-3d5082964669	1	1
fe19f176-bea3-45c7-94e5-865e27c8962e	365a4a29-ed46-4e00-ba3d-90ca3ffcce85	0	1
fe4a11a2-670b-4a2d-aa1e-186cdd2af292	e708b5c6-ead1-4bbb-b956-304fa3831a49	1	1
feca2dac-e254-42e7-81c4-783eea5f43e6	d1a99d15-b37e-4cec-a373-cdc1e85f6dc4	1	1
ff147909-db5c-440d-87ba-7d0fec871cb7	abe443c8-d24b-42fa-8906-9889dcf53caf	1	1
ff19dff0-0ea4-4b78-8d75-1a20c8c08798	c6bdc6ef-7bd5-47d9-a1eb-8d9972af65a5	1	1
ffc5374a-1803-408e-840e-0ad1711379d0	c752309c-6660-418d-945d-a945b02e9701	1	1
