0070c072-29c4-4479-9883-44209fa66199	26f8ee32-7a7f-46b6-82a8-3816ce37704b	0	0	425	240	8.4	0.68	75.7	0	643.5	1305	0
0095b4cb-ced7-4f56-9f54-6321d1c8d6fa	b5c02c93-f854-431e-9256-1d55dec6c142	0	0	50	40	8.4	0.23	-72.3	0	18.28	38.94	0
00cd7c54-ec07-45a8-b4ee-467e151b8a7f	46af37fc-3b7f-4938-b5f9-60e9c8270460	0	0	120	180	7.8	3.95	41.2	0	190.2	0	0
011aad9c-9e8f-4dbe-8fbe-eed36b016f45	056bf040-396d-47d1-a6a9-413be24b832d	0	0	25	180	8.4	1.73	-50.5	0	895	3360	0
013fff59-6609-466a-a682-9a3fc629806a	78ce221a-0ef0-4e82-9cc6-87600e3ebb91	0	0	25	80	7.2	0.04	-25.3	0	291.3	447.2	0
02025a11-8382-4984-847e-794cc7a38abd	5846062f-c1af-4d1f-97d5-ffa8f0d117a3	0	0	50	40	7.2	0.48	92.5	0	136.9	0	0
0328e001-6067-4bd0-b8bd-c3d4af92a6d5	4ba6c9cc-d5bc-4e39-9638-1ff8e33e517c	0	0	25	0	6.8	0.08	8.1	0	5.197	19.75	0
034bb668-a7d4-4549-a307-fc15a5109a7c	ff468695-3913-40db-a8d4-d6505f8fc15d	0	0	250	240	8.4	2.3	-44.7	0	660.8	1211	0
0380567c-2946-4ef7-bd6a-7f4a0293ae6a	83cb9ae4-7834-49b9-9adf-bc01236592de	0	0	250	240	8.4	0.02	-35.4	0	252.3	532.6	0
039cf434-a2cb-4f13-9b50-f3a5d346b6ea	3a2a39e9-ab08-407a-bc79-e344c159d00c	0	0	50	0	7.2	0.14	-33.6	0	27.48	43.49	0
03fd6714-3390-48e3-869b-9c8d2c794ecc	8c9021d0-756a-401a-842f-b4477a1dc090	0	0	250	180	7.8	2.08	-46.3	0	677	0	0
041755bd-715e-4a9e-b01d-8f6054410f08	1dde5be1-0ea6-4654-a546-c5c073eea08e	0	0	120	180	7.8	81.4	0.2	0	157.4	330.4	0
0518ff93-a773-4e3b-a6e5-1c675618b7e4	5c0a3166-adac-49dd-91ba-615ab6d09c6a	0	0	120	180	6.8	0.46	-44.9	0	205	499.7	0
06080557-07a6-4d3c-8e7a-3ec4b2a5f08d	5184defd-2c87-41e2-9c32-b0d5ca0ec530	0	0	250	120	6.8	3	28.6	0	240.2	17.6	0
0720c77c-5289-42b2-b3c8-dd70a011cdfd	eefdd9b7-a09b-4019-88f5-2a4b03e61cd4	0	0	250	180	6.8	2.31	13.7	0	232	486.5	0
07303cc7-9b7b-4430-b79a-877017092a62	ae6f1cfe-bb2a-47fc-8793-44fbe2758e82	0	0	250	180	7.2	0.37	-26.4	0	153.3	322.9	0
073c1d70-f8d3-42b9-976c-5581cd6229f9	8edab344-c9a2-4ccc-82bd-8b92ba640489	0	0	120	180	7.8	1.05	-2.9	0	252	400	0
07f4271d-b74b-4eea-b7e8-979d816709c3	4d3efd34-5106-4002-a132-f1850598b6c0	0	0	50	80	6.2	0.36	34	0	37.23	151.5	0
07fb3585-2bdb-4ec0-9789-dc17dcf87e80	4ff9a9c2-0abe-4514-ba07-cb4c9d4d6845	0	0	25	80	7.2	3.94	-31.4	0	21.28	86.27	0
09530001-1e12-465f-8526-dc9515503196	aeda1638-2847-4791-b23f-0a7213395c62	0	0	25	0	6.8	0.25	23.4	0	21.76	34.53	0
09df956d-1bea-497f-80e5-5a5ee0c036e6	7995fcb6-bfee-4534-843f-b099a4d79416	0	0	25	40	7.2	3.22	31.9	0	50.62	80.21	0
0b0d03a6-5a43-46a2-aff3-a4e3bae539d3	838d2d33-3397-4005-ae34-fe4f94e91247	0	0	25	0	6.8	0.27	25.2	0	16.69	26.28	0
0c3aa95a-eb36-4955-a742-017a35f91bdc	bcc0739e-0863-4e72-9d19-a8e667864c2c	0	0	25	80	8.4	1.51	-64.9	0	178.1	487.9	0
0c454c30-1f81-4dd5-ae30-0d054162ca05	eacfb052-53a3-4c26-b61a-90ef305f9712	0	0	25	40	6.8	0.2	-32.4	0	210.2	333.3	0
0c9f386d-aab0-4a02-9ff8-daefe0800270	ecb9634b-4e14-4ba4-a547-d6652c89d970	0	0	250	180	7.8	0.52	-40.4	0	245.5	377.5	0
0d6f12c2-922a-4c1f-8dc1-7655321f6df9	b8280427-8da2-4165-946e-6aaed11bd738	0	0	50	40	6.8	0.08	19.2	0	67.09	0	0
0d9e229b-62e3-41b8-8bb0-6996e7210aaa	5d42213b-59a6-45cf-8f4e-a78d85caa26e	0	0	25	80	6.8	3.98	-18.5	0	38.6	164.7	0
0dad8c70-a7c3-4458-98a8-a36b478884e5	c85f2277-c19c-445f-b365-9816346410e7	0	0	50	40	7.8	0.18	-34.7	0	211.3	385.5	0
0ddad02b-bc35-45f4-91f5-976667f1232f	3b390695-d2f7-4ffd-90e6-d0d8537e4efc	0	0	250	180	7.2	0.43	2.3	0	112.7	261.3	0
0ea0ecbc-f7a5-4c7b-a35b-9898e9674e12	211e52f9-5da4-4224-9dc1-54d267bf32bf	0	0	250	180	7.2	0.22	-11.3	0	175.4	368.4	0
0f072e88-8c4b-4155-b848-2d40abbe0614	66bdf37f-267e-47ba-b124-c2e3e2df44c5	0	0	250	180	7.8	0.17	-37	0	145.4	223.7	0
0f531700-cabd-4726-a22e-2ce930405340	c4756e6c-12c3-4939-aa97-308a36921afc	0	0	120	80	6.8	2.55	15.7	0	125.1	0	0
0ffaec34-69f8-46c1-b632-7747fe20f1d0	02fe34d2-300a-4489-b872-52cb13636755	0	0	425	240	8.4	0.24	-63	0	304.1	467.4	0
10e0bdfa-1635-44e9-ac9f-e78713ca789a	5a2ca0f3-0950-4573-aa19-270dc68f16f3	0	0	120	180	7.2	0.06	-4	0	122.4	188.1	0
10e8a00e-a121-4892-a4b9-0ddb99994eda	f63e5877-bb18-41cc-8a1c-cd9bb867484e	0	0	250	180	7.8	0.16	-10.5	0	185.9	388.6	0
10fd08a5-1aa4-4d08-8cd0-c64028ea304c	f42fd83d-ab28-4615-b84a-2a8a147a8ea4	0	0	25	40	6.8	2	28	0	220	0	0
114c89b9-643b-4365-b469-86f01b7f4b26	2936503a-5120-466c-a301-57d46dfc5515	0	0	120	180	7.8	0.85	-20.9	0	134.4	206.6	0
1170e91d-b1da-4818-85dd-2a45ea2f9862	c06f1110-bdcd-4ecd-af69-57e11a940b90	0	0	425	240	8.4	3.41	-46.1	0	520.6	819.7	0
11e992f0-3189-4f4a-8f46-cf509f7bf089	a65d47d9-0f98-43ea-813b-476bb33d3f8b	0	0	25	40	6.8	0.17	10.5	0	37.15	78.05	0
1205f818-3953-42ed-a98f-02265bcd8265	c5660e62-11be-478c-887b-5a7969f619e0	0	0	250	240	8.4	0.16	-58.8	0	224.5	471.4	0
12142479-3651-48a9-8846-8dc88e82438d	0bb65a43-8acc-48fe-8bd5-1ef84c2e8b9b	0	0	250	180	7.8	4.25	41.7	0	240	0	0
1230f032-69fd-4087-a43d-6d06682c9713	08ffb14c-b9e2-4d3a-8320-b0b7ba1758dc	0	0	25	0	6.8	0.32	-40	0	22.76	47.46	0
12f4cad6-7a61-4047-b809-b7b19a3f2c15	eb68a324-49b7-4955-9438-564878dc0243	0	0	120	180	7.8	0.86	-44.6	0	237.3	912.4	0
136bb1dd-e891-43d3-8621-2bb6860c8e48	319bfeac-d2fd-4852-9370-7b559a98416a	0	0	120	80	6.8	2.22	22.3	0	152.1	318.9	0
139e87d8-f2bd-4b41-b01f-a494c09b747a	33908a8c-a5ef-4e96-9125-d4a8f1546a3c	0	0	25	0	6.8	0.3	51.3	0	9.273	14.25	0
13d79ee4-cfdd-413e-aa06-472b7edb2221	aec1bc73-b07a-4c5c-9097-bf3ef81057a3	0	0	25	0	6.2	0.17	8.5	0	17.03	35.73	0
143cda0f-a556-4d28-8d33-36763eed14f3	80f9677b-fcc4-490a-b454-66a1a6f993bf	0	0	120	80	7.2	1.8399999	-11.1	0	114.3	240.3	0
145deb27-a115-4693-80be-be5a86eb210c	d4ea8042-eb41-438b-88e4-653b6b59ca47	0	0	50	40	8.4	0.09	-92.3	0	101.2	205.4	0
145fb7f7-af1d-4773-8841-d2e29160b3fd	743ee659-4092-4b28-a5d2-8236c766fa9d	0	0	250	120	6.2	1.79	109.1	0	121.3	220.9	0
147ad03d-76a1-454b-9988-1f0a5d695dcf	9b9f8424-dc11-4087-90ef-c8898c6ec9df	0	0	50	40	6.8	3.57	-3.6	0	62.97	115.1	0
156d80cd-0366-466c-b9a2-81a5ba150d62	f0ea69ff-d626-41d7-9d8c-df28ed2e553f	0	0	25	0	6.8	0.19	-30.9	0	25.87	39.76	0
158563f6-6d1d-4776-a5b2-c3c66fe6ebb7	9988f9fe-03c0-40ae-bae6-7e01506a7ba1	0	0	120	180	8.4	2.16	46.5	0	132.1	203	0
159967a8-ed26-4332-93da-f5d262a35615	07fa478d-a370-410d-b453-91c73c1e07d8	0	0	25	40	7.8	0.3	38.8	0	31.1	48.62	0
161ea68f-3631-4682-920e-f761cc68c22a	1370071f-3fe7-45bd-a26b-adf9230714b3	0	0	250	120	6.8	1.9	109.3	0	1198	218.8	0
1629c152-4295-4526-b024-c16e33e2c2d1	5b117d15-0f91-4247-a0ac-e42a97b596ab	0	0	25	40	7.8	0.32	18.5	0	43.92	73.82	0
165be48a-184e-49a3-98a2-48cad577f8b4	0f7352cb-55b0-4110-a1bf-ad0d033a8c2e	0	0	250	180	8.4	4.31	23.2	0	245.7	0	0
16aefc77-f5ca-404c-9a70-773afc321fa7	e09704bf-cd23-4c8a-9d9a-866eb69cbd42	0	0	50	40	6.8	0.09	11.8	0	87.91	135.1	0
17081fdf-a807-48db-bc05-e1f3cf943629	eb68a324-49b7-4955-9438-564878dc0243	0	0	120	180	7.8	0.37	-42.7	0	225	863.6	0
17440fdd-90b2-4fa2-9df3-de0fec8ddda8	f1b4d4bb-5813-4ddb-bc80-0a7bbd20fdcd	0	0	120	180	8.4	0.47	-38.2	0	286.3	524.5	0
1771be5c-1531-4dfe-9b67-08981cbdd19c	bb5b3511-f7c8-4760-9203-c4e279497614	0	0	250	240	6.8	1.12	17.3	0	538.5	0	0
17c35fd3-1e83-449d-8289-ad2b910cbc11	2f6e1095-edab-470a-97d0-4a63e53c50d2	0	0	250	180	7.2	6	57.8	0	156.5	0	0
17e874df-bd00-4b2b-81a8-bfcd7575e789	65e9b101-70c1-4a33-9f24-641801014f79	0	0	25	0	6.8	0.19	-20.2	0	16.25	9.99	0
18526d36-003c-47f9-a658-e2455d2465a7	2be1a1c9-58f1-4290-8314-fdae36444888	0	0	120	180	7.8	0.46	41.2	0	191.1	0	0
18d6b8b9-19d3-48e6-812d-404f94f22550	d42bb0a9-1241-4629-b37b-7544ff37b48b	0	0	250	240	8.4	0.08	-30.3	0	542	0	0
18ef8c0f-6ff3-40b9-8dc0-6b658e91c2fc	dd35da3a-624b-4f5e-a8d9-79b85db252a9	0	0	425	240	8.4	0.84	56.8	0	678.7	1379	0
19387922-9016-4aa6-9e13-c9e84bd7b0da	eb68a324-49b7-4955-9438-564878dc0243	0	0	120	240	8.4	0.12	31.3	0	541.2	2080	0
19e97ccf-9220-453d-8733-171b9100a0c2	d37c469a-abd4-4de4-a244-58130edb8d7a	0	0	120	180	7.2	1.34	-25.1	0	91.25	167	0
1a84b3cd-6f50-4fd7-9c49-5fb599cd4da5	57a0ac18-2eeb-4a54-b0f8-8e5a7d922f14	0	0	250	120	6.8	3.02	61.5	0	119.8	218.2	0
1b069dea-2e90-4f9b-aee1-2ced52489327	1547628c-6024-4b07-9ee9-bb036a53f33d	0	0	50	180	8.4	3.44	-17.1	0	27.1	49.63	0
1b46179a-81f1-47ef-b07f-9acd4cf8e0e9	db8d9a14-7776-40ea-8c05-ebc9330ac61b	0	0	25	40	6.2	0.09	38.8	0	18.54	154	0
1bbda74d-cccc-4b75-89a3-8d96cbfedc63	54a677e7-d782-4cd8-a061-80bdabdc0ec8	0	0	120	240	7.8	0.2	-23.6	0	153.5	244	0
1bfe8e62-259e-4433-b65c-8921547c0fc5	3f3b26e3-ab25-438d-990c-c18da4aaadc0	0	0	120	180	6.8	1.04	-1	0	147.6	227.1	0
1cb94f4e-2522-42cf-9e2c-a68387e9e737	2c1a4893-ad49-48da-be30-7fab17a04eed	0	0	250	180	7.8	0.12	-34.7	0	423	869.7	0
1cc4ec05-d7bd-42b4-8e73-83cd6f06f7ce	aca94bc3-e5cc-4d0d-bf65-656404b27bf8	0	0	120	240	8.4	3.9	-62.4	0	118.4	473.3	0
1e0589ac-3eae-45e6-bdbd-3dcb535ced59	4bb587b7-41b2-48ca-9341-94e28ae17e40	0	0	25	40	6.8	0.33	75.1	0	7.467	14.94	0
1e62cbff-65df-4e93-9f69-d82f70721107	eb68a324-49b7-4955-9438-564878dc0243	0	0	120	120	7.8	0.29	-26.8	0	122	468.6	0
1e757eca-0fdc-49df-b658-04937a140de9	1fba9d4e-2b36-47e1-9f01-5e232e721af5	0	0	50	120	7.8	0.12	-85.6	0	136.4	0	0
1e91e079-8b48-4747-b4a9-e2f04cf2a489	5846062f-c1af-4d1f-97d5-ffa8f0d117a3	0	0	120	80	7.2	1.77	91.3	0	303.3	0	0
1ef4e467-69c5-47e2-b29c-68cc1496e7d3	7f3e1d96-f744-4c92-8b4d-3321d9f1c713	0	0	425	240	8.4	0.35	56	0	501.9	1019	0
1ff7811a-4414-42ae-9709-b347cd44f546	2a3c56af-5f81-4e3d-acfb-575b3917ee86	0	0	120	120	7.2	6	17.3	0	820.6	0	0
200c35f6-40d5-48bb-954c-e033bf5dec27	66351b68-6df0-41f4-8925-c7adaca5e24b	0	0	250	180	7.8	104	-4.4	0	162.9	250.4	0
21953c2f-19f3-4141-882a-5119b9dc9577	c218d66f-317a-4cd8-b80a-3b1b2c9d946b	0	0	25	40	7.2	3.6	-11	0	26.97	83.56	0
21c21e50-22b3-4951-82ac-b81035e9d0f9	19b93b8e-3538-4baa-9c2c-26cf4b470710	0	0	25	40	6.8	0.13	41.7	0	9.207	15.72	0
2265b2d3-eb2d-49bb-9b3e-66245896fcd5	5e251738-629e-441e-a266-33691e3b1332	0	0	50	80	8.4	0.04	-100.6	0	30.96	62.83	0
22de4069-32d8-4e49-a297-7a2d89c4234c	4ba6c9cc-d5bc-4e39-9638-1ff8e33e517c	0	0	250	120	8.4	0.75	-38.5	0	168	-642.7	0
22ec9f6f-533c-4d55-9ef6-27645e272b1b	fddd2fc1-d120-4601-bc53-b5a1456ac3c0	0	0	250	120	8.4	1.05	79.4	0	282.3	572.6	0
233f8505-228f-4e3b-8130-4ed59222a5ac	74fc535b-a97e-42e5-b8a8-cca879332649	0	0	250	240	8.4	3.53	-57.2	0	319.7	506.4	0
23f3328a-19b3-4b36-b580-5e19edde0300	39e4765c-8f94-443f-ba86-6ba491ab4c93	0	0	25	40	6.8	0.04	-25.3	0	10.49	17.98	0
2434ead7-a50d-49db-8d47-1188fd2a78ab	664e022b-dbcc-435e-80ce-01d68fe528d3	0	0	25	0	6.8	0.11	51.8	0	21.79	44.35	0
24460059-84c0-4dca-b469-d8afbd184604	c0b713e8-3f0a-4b07-9956-8e4f8cf34055	0	0	425	180	8.4	3.45	-42.1	0	814.6	1490	0
24b9bef5-29e4-432b-a417-84475317be47	5846062f-c1af-4d1f-97d5-ffa8f0d117a3	0	0	0	40	7.8	0.25	93.6	0	285.6	0	0
250389b4-148a-4dfa-a28d-dc6c3b641aa9	fe5db538-d780-4526-a378-f6c14973da46	0	0	425	40	7.2	0.24	-32.6	0	749.5	1184	0
2517c0a4-fac5-4d29-b667-041aa7ff12b5	326f0d47-3425-45af-8bae-537dcce593dc	0	0	25	0	6.2	0.5	17.4	0	12.69	19.48	0
259fa97b-fe48-4ed9-83f6-ad780492152d	0b0ea10c-5105-40a3-88d5-2ccc4ec24592	0	0	120	180	8.4	1.14	50.8	0	222.2	380	0
26879f7f-f332-45da-931c-2b14242ee799	5b2b16ee-4ec8-4ab7-9ec0-9e837b18c487	0	0	25	0	6.8	0.08	8.1	0	5.179	19.75	0
27117c1e-dbb0-40f4-9759-65be9724b81c	aa966f83-b6d8-4cda-9c39-0c5d731cd0c4	0	0	25	40	7.2	0.25	-22.5	0	31.05	48.8	0
27d26d31-7ee9-4f7d-bc82-cdb44bf54a0e	db717fdc-c358-4e23-813a-baf59301f411	0	0	25	40	7.2	3.18	-20.8	0	637	1011	0
27ed27e6-e73c-4813-8d4a-a114149edd52	929835f7-92f4-4098-8838-3699dfad2803	0	0	120	180	7.8	1.24	102.8	0	297.4	600.9	0
28eabd7a-0e76-402f-9894-461dd3f1cc31	5846062f-c1af-4d1f-97d5-ffa8f0d117a3	0	0	120	120	7.2	3.1	89.7	0	240.9	0	0
29438028-336a-47e2-b185-c2950ac1f6f5	eb68a324-49b7-4955-9438-564878dc0243	0	0	120	180	8.4	0.03	-1000	0	408	1568	0
2960f44d-c766-47fd-8fd8-9cb7f4f73331	3efa17fc-f481-44b3-936d-b9343ba6e246	0	0	25	40	6.8	0.19	-17.2	0	25.44	1152	0
2a3ea3ce-9222-4b22-8b51-bc2857003134	0e9b0ff3-c448-41ed-9772-78e0243efd73	0	0	425	240	8.4	2.6	-42.3	0	621.8	1064	0
2a7986f8-42a1-4545-a204-9ea6dfb11fb8	539f36db-2563-439f-9f02-c8620076aeb6	0	0	250	120	7.8	0.2	57.1	0	281.2	571.2	0
2ad4669b-387a-44e3-8a2a-9f69bb88dd9e	89a82172-c881-43e9-b072-ade514b2a4bc	0	0	120	180	8.4	0.18	-49.3	0	124.7	261.4	0
2b413e66-2ce1-4f3b-a396-fc4714e3fd4d	a091c128-3919-4eed-8673-8211e8a864d6	0	0	50	180	7.8	10.83	23	0	212.9	864	0
2b6c7f76-58e7-4443-9817-deec215361d7	4bbd8603-d095-4728-abd1-77811b44e789	0	0	120	180	8.4	3.6	-68.3	0	230.4	952.6	0
2b92f6ef-f092-4d09-8758-9d537103937d	fe4214aa-e9b1-4fa0-8d33-10778c696fee	0	0	50	40	6.8	3.46	-71.5	0	561.8	1849	0
2c9c9710-4f94-418a-abdd-9dbcceae9c0a	b4b5ca9d-3027-443d-bcd9-653666408b5d	0	0	250	240	8.4	3.53	-37.1	0	798.1	1457	0
2e798303-9231-4d9e-bf7b-b12cdbeac4c2	29112ada-46c8-48f0-9efc-3fd7641e86d5	0	0	250	120	6.8	2.5	20.2	0	167.6	352	0
2e9eccf5-3827-406f-a054-8ec51d5a4c67	fa2e70cb-4acc-4345-befd-88a1ddb1a644	0	0	425	180	8.4	0.84	-3.6	0	691.4	1265	0
2fd62b5c-1a7d-4312-933d-eaf7e4692d10	67c3bc8a-35e0-435d-bb20-495ed494d519	0	0	425	180	8.4	18.55	38.8	0	124	0	0
2fd6d6fd-92fa-4678-af4e-19e501530ff8	77b6a482-b176-4702-a0bc-b1ac810d1e81	0	0	425	240	8.4	2.71	-42.2	1030	0	0	0
307e34fa-87af-4dbb-8f01-541240efd8c6	6a8d4ff2-92c8-4c45-a9d0-a788e6118894	0	0	25	40	6.8	1.01	51.5	0	12.52	21.4	0
3134271c-378d-45ea-abba-b8b40b21bfec	76ce2879-6e4e-4efe-a2da-927789e93c85	0	0	50	180	8.4	3.58	-14.6	0	102.9	189.1	0
31d6106b-79a5-446a-828a-a1c8935a15a1	b5a9b756-0f4d-4343-9c38-6cd1c38d8ebe	0	0	250	180	7.8	9.65	45.5	0	156.5	0	0
32837844-9a50-48aa-b543-98c0f8a1578c	3fd9fe6c-41b9-4c20-950a-9fcc156bba65	0	0	250	80	6.8	4.7200003	22.3	0	211.6	325.3	0
32b696aa-29b8-4e36-824a-372cbb73eef0	875a4877-e4ac-4804-9067-b7fd9647052e	0	0	425	180	8.4	0.44	-43.9	0	413.3	0	0
32c604a2-5f79-4daa-97db-1968edf56cef	c0e64caa-fc70-4edd-a424-24c09339907a	0	0	120	180	8.4	3.72	36.6	0	217.3	882.9	0
32cdaab6-45b1-4a43-9123-f18f3896e014	39b42688-cb0e-437b-9b98-fb36574e285d	0	0	250	240	8.4	0.24	95.9	0	820.2	1669	0
338b2f9a-217a-48f7-8b1f-345906bba704	2e9dfe85-6de2-4a08-8848-2561a53ab27d	0	0	250	180	8.4	3.07	-32.4	0	395	723.4	0
33f5d714-6b81-45dc-9493-0eb51da029df	875a4877-e4ac-4804-9067-b7fd9647052e	0	0	25	40	7.2	0.06	-33.5	0	26.91	0	0
342ecc9e-5086-435f-bcd9-369e2982af3e	f8e4462b-4db4-4735-b55f-893e09f8a356	0	0	425	240	8.4	0.38	25.1	0	170	356.9	0
34354a3b-e56c-472c-91e2-86bc42edd067	c7b692b6-94b8-46d5-903d-cf7363d7cf48	0	0	0	0	6.8	0.21	78.4	0	25.55	51.75	0
34d8caa5-137b-49e8-83a6-e3d3f9c564ab	5846062f-c1af-4d1f-97d5-ffa8f0d117a3	0	0	425	240	8.4	0.11	93.4	0	841.7	1695	0
34f0fd31-4ee1-428c-a60c-5af7f1b4561e	b4fc6f2c-c73c-4e1d-afbc-231f5c360f8c	0	0	250	180	7.2	0.48	21.5	0	249.2	382.9	0
35422128-64da-45cb-8d98-3f9099897a7d	2c5fa6a7-ffa6-4eb9-b6dc-d9934854b301	0	0	120	120	7.2	21	-9	0	152.4	320.5	0
365a4a29-ed46-4e00-ba3d-90ca3ffcce85	a5b2cda9-1ac9-4137-9fc2-a049ab3e2b06	0	0	25	40	7.2	0.26	31.9	0	22.24	37.98	0
36a40ce8-2087-4712-a01e-1bcd9d1589d7	1363417b-3445-48b2-a5a8-c0a3cf4b388f	0	0	50	40	7.2	0.29	26.1	0	68.6	107.7	0
36c9b785-8c8b-42d4-b678-9d86d31fb132	865f072a-bbe2-459b-9b2b-b5f93632ef7b	0	0	250	240	7.2	155	6.1	0	387.3	813.1	0
37b6eafd-87d3-4f77-ad55-fd454b7afcc1	41982d37-8351-4456-85a1-4b50ba761381	0	0	25	80	7.2	4.06	-28.3	0	26.42	107.2	0
37daac0f-a3bc-4e73-9e5f-013de3b4cb6c	2ceacb13-8f96-4211-b25c-01f0abf2cb05	0	0	250	240	8.4	0.16	-50.5	0	243.6	511.8	0
37f5e54f-afdd-4d3d-8947-70947e3c4227	90488a4b-eae0-4dbc-8908-04c45a9668ea	0	0	250	240	7.8	4.95	-1	0	341.6	718.7	0
380d08a5-1b86-48e3-8586-281586039fff	e0f09689-6d33-4dc2-b7dc-e80bc2db4f5e	0	0	25	120	7.2	3.77	-56.4	0	6.5	11.25	0
388a307b-4e96-4360-be3b-d326d2958a50	e9a75ef3-097c-436c-906b-e55e9bac3a47	0	0	0	0	6.2	0.22	17.1	0	12.01	25.19	0
38c85036-a4b2-49df-9d91-6ea85fbf1c03	11889cd7-72a4-4a02-8cff-8121d74f1767	0	0	25	80	6.2	0.13	7	0	18.9	77.02	0
38e289a6-0868-4277-b3d4-3195b9b218d5	b0892075-6a38-4acf-a219-eff817646f4b	0	0	250	120	6.8	1.19	68.2	0	118.5	216.6	0
39435da3-63e4-4e47-a2c2-2a850ac23bc8	659e0410-85ef-4270-a82a-f61a98b1773b	0	0	120	180	7.8	0.25	25.3	0	115.5	176.9	0
39ac6262-b7a4-4260-a9e1-d3e55d262509	8b721e82-35c0-431f-824d-edc60a835015	0	0	425	240	8.4	0.77	-50.2	2018	0	0	0
39c13d2b-820d-4cdd-82a7-c3adba1dc170	e60e22a4-bf0e-492f-9d33-67d38e3fdf2a	0	0	25	40	6.8	0.01	-36.6	0	48	184	0
3a1e2e0e-7608-4750-8fab-435b4fc99f21	40f9e18e-f0f4-4317-94d4-81a4dd0af3f0	0	0	250	240	8.4	3.44	104.2	0	544.7	1101	0
3a2c5af5-6bb0-4852-aa3a-5900384383b7	95b424cd-c76b-4c3d-9b6a-22e3d3f9d3d6	0	0	50	180	7.8	0.87	-2.8	0	221.3	378	0
3b75279a-92ef-4170-b295-fb974037e062	08e47351-1014-4752-9ee2-474a4a005533	0	0	250	180	7.8	0.36	4.6	0	240.9	506.1	0
3c43442b-120f-4a4d-a646-8318f7bc0aa3	7dc40ba4-ce47-4379-aaa4-ce01f6eabfc9	0	0	25	0	6.8	0.02	6.6	0	24.47	81.75	0
3c8d6fc1-53e3-4631-97b3-68366a08c00d	818fd455-03d4-48fc-9c59-7252fe3929a5	0	0	250	240	8.4	2.58	-29.3	0	594.4	1021	0
3d047ceb-b742-4eb8-aa25-a0166591f03b	0f29de18-c7f9-4e19-ade5-6398414d005a	0	0	250	80	8.4	0.72	-38.5	0	24.35	50.55	0
3de9d8a3-5e83-4953-83b0-0d2abe09beff	7f7b1e93-cb8a-435b-9184-18e65b91dc85	0	0	250	180	7.8	0.2	-36.7	0	175	368.8	0
3e91f960-0dc1-4560-aea9-58e9d731b27e	aa7b053f-53bf-4518-a662-094ea0b8d576	0	0	425	180	7.2	0.34	54.6	0	244.5	445.8	0
3ef6902e-373d-4ded-9503-2c27275cc019	edf490d1-ac1b-4116-ba75-6ae04e243453	0	0	120	180	8.4	3.13	-47.1	0	119.3	480.3	0
3f309ede-5aae-4ac9-985a-659c9a1d3993	71ee16c5-9aa3-40d9-bc59-1fa9ed6eb025	0	0	250	180	7.8	0.24	-58.8	0	404.6	1525	0
40eabcb9-db83-4dca-b235-f439f4b7eb9e	ac52ad34-e169-4fd8-93cc-f3591e03435e	0	0	425	180	7.8	14	47.8	0	78.09	0	0
41a8cf4d-edd6-410f-9e85-b28c9ae574cd	1d3bd72d-ee8f-4a40-ba69-f212ce02b830	0	0	25	40	6.8	0.2	-29.5	0	23.43	42.9	0
41e359aa-30c9-4104-a2e2-2ff700ebb957	cb154cfa-04df-40a1-a939-404af6621c93	0	0	250	120	6.2	2.23	107.2	0	119.8	217.3	0
43cfeed1-152f-4c84-ac26-62390c2ac326	94b7340c-324f-4c5c-a118-8afed9c1e82e	0	0	120	180	8.4	1.42	-38.2	0	327.5	591.01	0
457dce08-ca9c-4ffe-807f-4f9ba6675f33	e7bb35a3-79f8-487f-a858-770f28f14c7f	0	0	120	80	6.2	7.24	108.6	0	90.71	163.5	0
45c92616-5aa6-413d-8df0-13726fb364df	6d8b8b05-177e-4376-9ead-745176006ee1	0	0	250	180	8.4	0.82	-37.9	0	282.2	433.9	0
4600b350-d954-4c3e-b200-00ca9249ac32	fd86db10-6768-4615-93fb-795b076f859c	0	0	250	180	7.8	3.19	-32.1	0	330	1263	0
465d871f-c38d-42f3-b66d-c80770ef6c1d	b10c4e36-2e95-402f-937c-654b257b7d82	0	0	50	80	8.4	0.59	-104.6	0	307.4	77.48	0
4673284c-68f0-4107-afa4-d569ecfaf847	082650e2-3d4f-44ae-a2fd-e6f32d51eec0	0	0	120	80	7.2	1.37	-9.8	0	89.76	138	0
473e5a9a-6054-4250-aded-1e6fd5ae1217	e768c4f2-fcc0-4171-a283-6ffc64e341af	0	0	250	120	7.8	0.2	-53.7	0	201.6	309.8	0
475742dc-68c4-4c0d-bd63-9d1531d15f7b	0b41d016-cc4b-4265-84e5-052bc4317e66	0	0	120	80	6.8	6	17.6	78090	0	0	0
4861abf2-67fb-4bb8-99d3-dc65bbde7958	13f19d9b-01fe-473e-8e73-a89990c20fc1	0	0	25	40	7.2	0.27	-5.1	0	5.782	9.21	0
488df4d5-199d-42df-9eab-b001299a3d4d	f934e515-11e2-4729-ae4c-1482fb649fbb	0	0	25	180	7.8	4.07	-32.2	0	8.16	33.93	0
48accf30-7457-4731-b160-dc2647b85afe	b39164db-5c8a-451a-9766-1514d9424433	0	0	50	180	7.8	6	38.6	0	262	0	0
48dad22e-14d8-411d-b0f0-9df6011d6da9	47d1b31b-75e7-42f8-84c8-15fe5fc9ee0f	0	0	25	40	6.2	0.11	-13	0	53.1	81.59	0
4a478de1-e2dc-43b4-ae79-01e04c27c745	00038d7b-1e20-45aa-85a1-1aea35df4685	0	0	425	240	8.4	0.13	-49.7	0	84.28	166.6	0
4ad592b2-c5a3-4ed6-916d-7e930ddf5213	52f224d1-6cb0-471f-9e18-add29f2c56ba	0	0	250	180	8.4	1.07	-49.2	0	1321	4920	0
4b6cf7cf-6fb3-419e-931b-7117ee1df8c6	9b265427-da54-49e3-a091-7bc9144e3b3d	0	0	425	180	7.8	0.22	-15.8	0	276.2	424.6	0
4bdb5dac-90b1-45e7-b014-6665d9be1de7	77da3701-00b0-4a66-a22f-fd0d89ce5b59	0	0	0	180	7.2	1.34	1.2	0	294.2	619.5	0
4c66c07f-6722-4519-82ef-377a715e4d2b	5ed3fd78-c7f2-4861-a75c-0f0bb82be8bc	0	0	425	240	7.8	0.1	-52.1	0	681	0	0
4ca0ee25-c88e-460a-ba30-53a635a12dec	f2bc1b3e-a9ab-473b-ab02-a4262bcc67fb	0	0	250	240	7.8	0.04	-38.5	0	571.5	0	0
4d76081b-a205-40b1-83dc-368ece97d99d	4ba6c9cc-d5bc-4e39-9638-1ff8e33e517c	0	0	25	0	6.8	0.09	-20.7	0	16.8	-64.27	0
4de66d9a-309c-401d-bd7d-f288411bf9cc	d83b85e8-aa43-4278-aaa5-485f3d06bd4f	0	0	250	180	8.4	0.32	-27	0	218.8	401.8	0
4e3eb44c-d467-488e-ac34-06e9ed25d79c	65227d19-1c9d-45c8-a1a2-14d98b912eb6	0	0	120	240	8.4	0.09	99.7	0	865.1	1756	0
4fa0f4dd-5faf-4068-a38b-a7daa26d8884	fce58468-16f5-41cb-a495-1b0ee5ddb5ce	0	0	25	180	7.2	3.6	-62.6	0	27.26	110.4	0
4fc24b3f-0eea-446e-97a1-6ced44e7507e	5846062f-c1af-4d1f-97d5-ffa8f0d117a3	0	0	25	0	6.2	0.14	88.7	0	21.03	0	0
4fe04c53-a975-4bfe-9e4f-c2b9c0f17833	9572ac84-79ca-4885-a9d3-1a2bed033fce	0	0	425	240	7.2	112	0.7	0	355.8	747.6	0
50216373-1a0e-40b2-9004-ecde2cc75a43	a8441580-b220-49f2-b3e6-06e7df9db55f	0	0	250	240	7.8	0.1	1.2	0	386.2	593.1	0
5067d7ea-ebcb-447a-a0c8-2c5713407aa1	ef5b37ef-644b-48b1-97ac-89938613b59d	0	0	120	180	7.8	3.95	-50.6	0	190.3	325.7	0
507f7efe-c7a8-4687-8b56-05d06a4643ed	6fe7db5e-df04-47bd-9628-2ba7869da090	0	0	425	240	8.4	2.7	-17.3	0	500.6	917.3	0
50a54d25-edcb-4e0f-9f3a-258ad0080967	0d4d05d5-aa2f-4f2c-bd06-129bdd7bcdec	0	0	25	0	6.8	3.6100001	31.6	0	9.33	30.5	0
50c52eeb-015c-44cd-a3da-44f032df303a	87308fef-52bf-4dfa-b032-a60f791e13d1	0	0	250	120	7.8	0.15	-64.9	0	176.7	372.9	0
50e0d8be-5858-4185-885b-77cdd1d7b8d2	b292f114-4baa-4fe2-9429-f2a99639465a	0	0	425	240	7.2	0.23	5.9	0	419.7	878.5	0
50ee4293-45b7-4c22-a62b-c79ba1aa344d	eceabb80-0c1f-4934-88c7-27b28c1de74b	0	0	425	240	8.4	0.39	74.2	0	591.5	1201	0
51492604-af3f-42bb-ac5c-d842815dc8d3	96ceef51-d8ab-4cb5-9134-4ca8a1431bae	0	0	250	180	8.4	0.48	-39.6	0	233.4	336.7	0
52141c56-9c4f-47ae-8cf8-052be8838dba	302a5305-43a0-47c4-b8ee-ba97853463ef	0	0	250	180	7.8	3.48	-24.3	0	506	800.9	0
52c7c442-f956-44cb-8857-eb7aed15e520	d94035c7-d84c-43b6-aead-2881a8c48966	0	0	250	180	7.8	0.93	-2.2	0	240.3	504.8	0
53765178-a5a8-4de3-ba8c-d8576983dc5a	2d2dc300-1d43-4500-a20b-944c804cee8e	0	0	50	80	7.8	0.3	7.5	0	81.15	127.4	0
53c1813a-b3fc-4da7-af74-6c3a9c4cc125	8fd67783-11ed-4761-866c-7258421abbcd	0	0	120	40	7.2	109	-12.1	0	72.16	151.6	0
551d16c6-03ef-4a6a-b137-dad1ecd3442d	c424566e-fb73-46b8-a88b-1855b99261b3	0	0	50	40	7.2	0.64	-24.5	0	22.59	386.1	0
555757a3-b5f8-4501-bc0d-6d743fc34bfe	c0a2a544-77de-4eb6-a718-f07a81f32f08	0	0	50	40	7.8	3.66	-2.3	0	74.56	136.6	0
55bbc076-71eb-4392-b0d5-dfc12f4d88ed	4d9d3064-a4c0-4378-b62d-e17b3e1f31f4	0	0	425	240	7.8	0.08	-5.1	0	457.8	955.3	0
55cf4e53-a390-492a-946c-7f7cdd37c56b	7ec3893b-d544-4670-874e-61aa8e9a5559	0	0	120	120	7.8	0.45	-23.3	0	120.4	185.1	0
55f45675-0d2a-442b-a798-d22ec9121e94	f1a9c198-0dc5-49e8-8697-46db56168d23	0	0	250	240	8.4	9.91	-13.9	0	292.4	449.5	0
5618aadd-21d3-4170-985b-8caa299b87ea	762a78c2-7da4-4a2b-aea2-ca8c59bb48fe	0	0	250	180	7.8	4.25	28.6	0	267.7	0	0
564f1365-4e67-43a9-8664-3df53bf35e51	25c82159-cdfa-48b7-b661-a7180e471478	0	0	120	180	7.8	0.22	-49.7	0	122	187.3	0
56c072d0-d478-4219-a6c1-f4d51ba708e5	5846062f-c1af-4d1f-97d5-ffa8f0d117a3	0	0	50	120	7.8	0.12	-85.6	0	136.4	278.4	0
56d042e5-1dfa-4176-84a2-503e6c63c93c	1288c36f-f961-418d-bd4d-b980880132b4	0	0	0	40	7.2	4.09	-34.6	0	19.65	79.8	0
572a7891-e318-4b90-9967-ee09dc7cf8c7	3beb3c15-0385-4263-8002-7514a1b4c36a	0	0	25	40	6.2	0.15	10.4	0	21.69	836.3	0
57b7c945-1212-4e20-89a9-94a33144b63b	ece68c43-12fb-4f2a-8a76-36f54b528be8	0	0	120	80	8.4	0.69	-0.91	0	266.8	490.5	0
580ff2aa-aa41-4dd1-b2f7-93673a2bbe64	62803184-741a-4dc7-bf80-9041d0749fbe	0	0	25	40	7.2	0.09	-26.8	0	45.61	61.28	0
5860b13d-0053-43f9-b8f1-49c929cc235b	301a9efc-9cc7-4098-85ba-01c79152bff8	0	0	425	240	8.4	11.74	70.2	0	896.7	1824	0
587da304-f968-495b-a53f-ad4d40c30aaf	875a4877-e4ac-4804-9067-b7fd9647052e	0	0	250	180	7.8	0.15	-33.5	0	91.23	0	0
5a30885b-54ea-4589-8a8f-dd67a2c069b6	b2c5cb64-0f59-4a99-afb2-f2fb85476679	0	0	120	180	6.8	0.19	-31.5	0	167.4	256.7	0
5a427b32-220a-45c4-8742-3e48523d21b0	791e06d6-de9e-4597-83f9-8757aed1763e	0	0	250	180	8.4	3.21	-29.9	0	421	775.1	0
5aed751a-17fe-444b-a76c-5ee303d0a92d	875a4877-e4ac-4804-9067-b7fd9647052e	0	0	25	40	7.2	0.07	-10	0	19.22	0	0
5b2f4659-a5e3-4f23-ac51-2959d8863d74	3549c5ea-a4c1-4179-aa7f-d86bbd8b99e8	0	0	50	40	6.8	0.14	22.2	0	62.12	95.31	0
5b8eca17-85ce-424b-a5a9-4647e7a501c2	e7a8d8ae-f079-4270-86f7-c20813826a71	0	0	25	80	8.4	0.86	-102.1	0	284.6	557.9	0
5bae5ce5-3e1e-4ed0-ae8d-2df8aea4483e	02dddf4d-a902-4c12-b5fb-1a18f2e61460	0	0	25	40	6.8	0.02	-33.2	0	48.22	185.1	0
5bdce75d-2f24-4378-a740-fe9e01159daf	e26818a8-a19c-4831-a5e6-635b99a3e1cf	0	0	120	180	7.8	4.1	-21.3	0	530.7	840.5	0
5c564f25-0682-4202-9712-3e50c61ca02c	e52f8da4-ff25-4eef-b73d-702a309ca4b8	0	0	425	240	8.4	0.06	-22.8	0	407.4	1206	0
5d1c9263-5e96-4cfa-9d8a-b35f441457d2	27501292-d322-4401-b5b6-52ebe3917d01	0	0	425	240	8.4	10.68	-38.7	1247	0	0	0
5d55b642-b9ac-4544-b291-1936f3fb530a	f90d7640-00f8-426b-8bdb-3f501e7f03b9	0	0	25	40	6.8	3.6399999	53.9	0	52.96	16.02	0
5e3eede7-a72f-49bf-bcc2-f348cc467c28	5902cc2a-4fdb-4fe0-9acd-9c6a5c380d1a	0	0	250	40	6.8	0.15	-33.8	0	198.8	410.7	0
5e73aaf4-c244-450b-a6f4-6085976a054c	eb68a324-49b7-4955-9438-564878dc0243	0	0	25	40	6.8	0.11	-11.7	0	30.3	116.4	0
5e924b86-589e-411f-8c76-406fcd8c1bf5	dbe8fa43-236d-4735-a3c3-71f6ab39ac86	0	0	120	180	6.8	0.18	-5.5	0	208.6	320.5	0
5ef2c25d-5b77-4e88-8f6d-ba04ca131bf7	a02cd038-8ce4-4923-89b8-2e1fd1d716ae	0	0	120	180	7.2	1.27	-5.58	0	224	344.2	0
5f111710-fd9d-4624-91f4-082a48e7d240	05879a2e-d63e-4875-acbd-615090378ccb	0	0	120	180	7.2	3.87	45.5	0	78.7	0	0
5f3c4cc1-9c13-48a9-8eff-26a73c4872a6	76a06d3b-d43a-4ede-9aa1-c860aa643bda	0	0	25	40	6.8	3.57	31.2	0	16.36	30.06	0
5fc829cb-d4c4-4c21-8c09-f0818430bb9f	f6faa777-f832-4d1e-941e-534cffb8b331	0	0	120	180	8.4	1.37	-39.6	0	278.1	510.3	0
60138e4c-a5c0-412b-8860-eec816b7f71b	abf29666-1ed8-4b5d-9fd2-0af6b634aed5	0	0	250	180	8.4	0.33	-45.4	0	290.8	447	0
60b37c01-c103-47f0-a573-04c9f03999e2	98bae2ea-aabb-4748-9fa5-d1c661ab19fe	0	0	25	40	7.2	1.01	17.1	0	27.48	43.8	0
60cb5586-9526-4110-8002-754e65b22300	247ccd16-014a-44b6-9250-e92f3d691b66	0	0	120	180	8.4	0.84	54.9	0	217.6	371.8	0
611bb126-5cd5-4cc6-9a8b-bf2f87dc2e72	19763d1e-0ce9-4866-b64a-d7b68dbee71f	0	0	250	240	8.4	2.37	-46.6	0	587	1077	0
61b27125-3848-4a33-bf8a-7c517c6998dc	deeb5057-eb53-46a8-b885-bf598b999b13	0	0	50	120	8.4	0.12	-55.5	0	142	218.1	0
620e1173-dd90-4d83-8ded-6510668d6908	abb28ae2-64ff-45be-92ce-c34519c7b949	0	0	250	120	6.8	1.88	100.9	0	118.2	214.6	0
625b1c50-7e5d-4a1b-a37f-69fea19be7d5	7a386157-ab15-4de0-9ab4-a0b683c61cf7	0	0	25	40	6.8	0.18	-33.2	0	50.75	93.9	0
62cfe211-3308-42ca-bc61-dfa0880215c3	875a4877-e4ac-4804-9067-b7fd9647052e	0	0	50	80	7.2	0.08	-10.6	0	109.8	0	0
631014f1-1c26-4145-9f74-8df1ca9c6387	3f19fbd4-149c-4c84-87b3-c2904d3f43aa	0	0	50	40	8.4	0.62	-100.4	0	37.66	77.48	0
63507af3-86b3-4d95-b74c-421b284903a0	7853a10c-cf57-4b70-8273-a47eadce3419	0	0	250	180	8.4	0.23	-52.3	0	329	504.8	0
636d8f64-011c-4577-8238-7df53687da08	d5b0657e-a049-489c-970c-7370c3fe30fc	0	0	250	180	8.4	0.12	-31.2	0	24.35	50.5	0
637b70a0-8110-4da9-b402-377a4c21f44c	43636d2f-a238-422f-904f-9edfda508823	0	0	120	180	7.8	5.96	-28.1	0	162.4	249.6	0
6437ce67-83fe-4ed2-8e5e-e9a8237164a5	8b9c2ee1-ae37-42a7-be5e-e52e3eac0307	0	0	425	180	7.8	0.47	14.2	0	322.4	498	0
64490857-8cd6-467d-8daf-4ec52f0a51ab	c8c5f43c-2571-452d-9c43-95d5c0470ff7	0	0	120	180	7.8	2	28	0	220	0	0
649faf10-d67f-4731-a410-332f3628e858	ca318253-10c7-4f14-936b-c465b079974e	0	0	250	180	7.8	21.4	-10.9	0	177	372.2	0
65c4df64-ee4b-4a10-8496-62e568ec4594	66ceae89-f235-48c7-9713-50529f01eb13	0	0	25	40	6.2	3.59	59.8	0	13.94	37.34	0
66fa65af-0d79-4089-b6bb-8990676a00ea	3d92d03a-7a63-49b5-8fb3-ed23e3fa733c	0	0	25	180	7.8	4.07	-36.5	0	26.9	110.6	0
680ee027-4dd2-44b4-8f48-fcb836fe4757	38f80bff-c0e3-4646-a110-2f137d06eb92	0	0	250	180	7.8	0.2	-61.7	0	212.4	316.7	0
68f8032a-da21-436f-ac1c-d12c5087bd0a	e52592e0-c31e-4cac-8f47-a2e948ff0944	0	0	25	40	7.8	2.4	-27.4	0	39.07	71.4	0
69c6db11-6e49-4411-b43b-e9040148bec7	2fd16d60-cb56-4308-b170-321f192ecd44	0	0	250	180	7.8	0.17	-18.3	0	378.3	793.8	0
69cdadf2-8c6b-426b-aa27-844b9a6d7160	da91b69f-ad28-4460-9d3a-311edfed08bd	0	0	25	0	6.2	0.06	11.9	0	6.3	17.03	0
6b26d38f-61e6-4de7-9180-21895e4bc59b	3ca6fffd-52e0-4714-b1d7-62f75cd73cf9	0	0	0	0	6.2	0.07	24.8	0	5.82	7.73	0
6b28b93b-9d52-4895-b2ac-8c2c84d9b241	fdf370a1-7b28-4afb-9a0a-4937564e088f	0	0	250	180	7.8	12.4	17.6	0	182	0	0
6b5524dd-7c88-4433-b79a-0797b1678aa2	5cf8750e-4d92-4182-9c90-ed2aa5702ed9	0	0	25	0	7.8	0.09	-20.7	0	4.175	15.98	0
6b68832c-192d-472c-87ea-e79143c2db2b	c2726136-82fa-49ed-ab7c-1d35c55ca484	0	0	250	180	7.8	0.12	-19.3	0	336.4	696.9	0
6c7fd840-38ef-4a17-8892-eb7ba9c076b5	8e48c264-56ac-4599-89de-a5db63cd2be2	0	0	250	120	7.8	2.7	135.77	0	108.75	0	0
6cf6e93c-0760-4d69-afbd-2f2dc5334bed	fea85955-b626-4417-b855-643bae560165	0	0	250	180	7.8	8.95	-4.4	0	201.7	421.9	0
6d0db43d-dd9f-4f0b-b9ad-0e3897fdd15d	9f5daa34-8ed4-4dbf-af3d-778dd52b2b7d	0	0	250	180	8.4	0.32	-56.6	0	279.3	585.5	0
6d335762-a1fd-4511-9db6-0ab50f96e4b3	accd6567-3a13-441d-9ec7-34c858124fef	0	0	250	180	7.8	3.3600001	-24	0	303.9	481.4	0
6d718989-bd13-467b-a845-8bfd239858ff	4b8eb06e-8119-4c6e-92a7-eae1fb4dc97a	0	0	250	240	8.4	0.22	-34.7	0	598.8	936.6	0
6db39062-fb6e-45ee-a7cc-5bf69a19ff8c	22c02599-5b16-499f-a77a-6dc130dd6f62	0	0	50	80	6.8	0.24	17.3	0	37.44	78.61	0
6dfd7411-51b6-408f-b38d-15df6725f06f	94f8c8a2-41b1-4d37-887b-9a2c6ad03966	0	0	425	180	6.2	0.24	112.8	0	239.6	442.4	0
6e867a21-2fd5-449e-a397-9f3fe2c71f10	6c423355-9f1c-494a-b15f-dc96b9b1b63c	0	0	120	180	7.8	1.4	23.2	0	240.1	0	0
6f08a678-477d-422b-ae46-22cab7586599	a5b2cda9-1ac9-4137-9fc2-a049ab3e2b06	0	0	25	40	6.8	0.3	22.4	0	13.1	22.99	0
6f14d69a-250e-4de8-81b3-c2b11e1a27b4	0157ab78-f43d-4b60-8e86-115091006704	0	0	25	40	6.8	1.35	-36.1	0	56.67	205.3	0
6f3f37c1-427c-42f4-90f9-061a017f9ebd	eb68a324-49b7-4955-9438-564878dc0243	0	0	25	40	6.8	0.04	24.2	0	16.1	61.9	0
6fb036d6-ea4a-4073-b6b4-ad1e14f46759	7720ce87-de32-4eab-bdcf-93b46fcec5d9	0	0	120	180	8.4	1.01	44.5	0	219.4	375.1	0
6fc54e2e-38c8-4d1c-9dc0-43d2cc235951	581fd6d5-fc9d-4c10-9013-810202802f2c	0	0	250	180	6.8	0.23	0.3	0	321.8	464.3	0
706d0baa-79cf-47b0-996a-1f7fd0a514d3	b28a5a32-5a9c-4891-8aab-4a4d24bb392c	0	0	425	240	7.8	0.14	105.3	0	744.6	1512	0
7102d2e8-b2c9-41f6-bed2-48dda9c0ef71	148d8de4-26a7-43fd-b53a-739c582f1135	0	0	120	120	6.2	0.22	38.6	0	209.7	317.8	0
7226849f-e886-4285-a467-d925d4b3b7d6	57878c36-6416-40eb-8c9f-e8efd0670dd1	0	0	120	180	7.2	0.85	-9.4	0	148.4	228.2	0
724ca19c-2b69-437f-9e89-a2020ef5dbdd	1b1e4e8d-5866-45bc-9732-756f2a3649bf	0	0	50	40	7.2	0.15	-47	0	78.26	294.3	0
73967f19-2261-4824-a23e-46fe78775376	6edc5059-9f16-412e-8d0e-42dd4e516bd3	0	0	50	40	7.8	0.29	1.8	0	30.02	47.36	0
74b7585a-8933-4bfa-ab74-778239a7fe80	7873fdcb-294b-42db-910a-18d69155f1ec	0	0	120	80	8.4	0.25	46.5	0	156.5	0	0
74d0b1c1-f44f-4829-99bf-5196ed3582f8	b3ce689e-b7e7-425d-b8da-c0b9ea77568b	0	0	120	120	7.2	5	123	0	125	0	0
75363d62-35f3-49a6-9712-0483c02aa7aa	cfd5e0c7-bef3-4790-a64d-15d26aad6113	0	0	250	240	8.4	0.74	-27.5	0	777.2	1225	0
7549f2e4-2ead-4c78-914c-ac6a1cb0012c	a5b2cda9-1ac9-4137-9fc2-a049ab3e2b06	0	0	50	40	7.8	0.26	16.6	0	73.1	125	0
7586e4c7-ae63-43b3-980d-3a9f52096c57	f4ca90cb-47c3-4852-81e8-4a81602ddcab	0	0	25	40	7.2	0.01	-2.7	0	82.87	131.6	0
7595c5ad-54e4-4332-b51a-69b3032edc7f	3833f851-d8a3-447e-8290-b17cce4b4c69	0	0	50	0	7.8	0.25	10.9	0	69.62	107.6	0
75e3b2e9-eb1c-41cf-b359-0cecd6bd94dd	8bb5fea6-f9dc-4ab4-9c24-3a7aa9e4b987	0	0	50	0	6.8	0.04	16.3	0	8.17	12.42	0
765c56ba-c654-4eaf-a883-eae87f569a3b	b0892075-6a38-4acf-a219-eff817646f4b	0	0	250	120	6.8	0.37	60.7	0	235.8	432.3	0
7674094c-b5d2-43da-a696-07d227ddaf99	378eb4f8-6180-4fab-80ba-84a02fcace80	0	0	425	180	7.8	0.51	-28	0	317	666.3	0
76b2d1d2-dc3e-4157-a914-5a43b97cbc54	6c8a9f96-0ba8-46d8-b528-fd106a4b4e54	0	0	25	120	6.8	4.01	-28.5	0	29.89	51.09	0
7747d190-9ba5-46ff-b7d0-152b99ff360d	9907476e-21d5-479b-85c1-50e36b4b1fce	0	0	25	0	6.8	0.18	12	0	13.21	20.26	0
7790e69e-ed29-43c1-a7ff-7bdd64c7e107	66b78e71-0715-4336-ba04-fb3aec8cbefd	0	0	250	180	8.4	0.92	-70	0	23	88.3	0
77940918-cb18-4007-ab4b-31aa672a4d16	486dfd20-0725-44ee-9ec2-4132a7998d01	0	0	0	80	7.2	4.26	-50.6	0	26.93	109.4	0
7847dd69-5382-4765-8a1a-025d520529f5	75e6af31-4028-4a7b-9ab3-ceb8c9ecd2b0	0	0	25	40	7.2	0.23	-26	0	25.59	40.98	0
79803c6c-119a-4d12-bc51-681af1f240c8	c2aaa473-9965-4ade-8b66-bb0239c3c169	0	0	250	240	8.4	0.18	-50.01	0	357.8	550.1	0
7990c42c-4f22-4ea8-adb3-a4c7be53958c	9dd14830-846b-4b1c-b6ce-0fa58092d2d8	0	0	250	240	7.8	5.64	75.2	0	268.7	543.5	0
7a157c41-ff3a-4b8b-b588-1e703d964267	3aa8abf4-71a8-404f-9a93-e756e52d8832	0	0	250	120	6.8	1.8299999	220.7	0	121.3	220.7	0
7b8201f9-971a-4aa5-988d-4638f94f55b3	db97acda-8104-4252-b7ba-109075bca601	0	0	120	180	8.4	0.12	43.6	0	127.1	200	0
7bb2ed23-8998-4daf-9308-8e298a77ba49	5f0b0307-65be-4249-905f-4cb4dbaeea1e	0	0	25	180	8.4	3.53	-41.3	0	83.41	152.8	0
7c49ca27-fa25-418e-a311-ded5cdd93223	d9f863ff-645c-4ebe-a27e-c063a145b981	0	0	120	180	7.8	3.27	-44.5	0	204.1	347.4	0
7c67ae08-d5a0-40a7-9272-272a720f320b	f8c8d82d-488d-4cd5-8bb4-00d3c5ae97d2	0	0	250	180	8.4	2.75	-41.7	0	414.7	759.2	0
7d2b84dc-243d-453a-961b-b1dc1201cf7e	b1ddd24b-68fe-4f43-b53c-2fbf80dff4fa	0	0	120	180	7.2	0.26	24.7	0	118.7	185.2	0
7db16481-6729-4e50-acc1-24c797c0f749	9b7582f4-e0e2-4f81-834d-92f6d327077b	0	0	25	40	7.8	0.13	-53.6	0	47.91	78.09	0
7ee05095-48eb-4aeb-b986-bb15db1bce76	17213fb7-e13d-4a6a-adb4-8538d1d1c80f	0	0	250	120	6.8	1.09	3.9	0	251.2	526.9	0
7f3e4d46-36fb-4482-9597-169479da8009	5a377385-dae8-4020-8906-89fce0185c51	0	0	50	40	6.8	0.87	105.7	0	199.2	507.4	0
7fcd7fe7-ce2c-48a8-8d34-16bee9cf91f3	db5c558a-8947-4918-8ae9-5d7a0dc54ac3	0	0	250	80	6.8	0.15	38.1	0	247.2	379.9	0
7ff7e4b7-3e07-4d1e-be06-4f3410b50c26	8c6d0927-650b-4982-b01b-b6f580e5fc31	0	0	50	120	6.8	0.21	104.2	0	109.2	211.5	0
8138ecbd-c268-43ca-bb8c-51e3c88f59e8	372f8a15-ffa2-49da-b774-66b1a9ac35a2	0	0	25	40	7.8	0.26	-47.8	0	49.67	186.8	0
814510ab-df65-4cdc-ac78-2a984ea66af8	7a280cab-59f7-411f-8424-c7d0a4886539	0	0	50	40	7.2	3.55	-9.2	0	75.11	118.8	0
8170c3f6-a971-4244-8770-3d6c0b1f0f4e	2e2908af-46a3-41e5-ab54-4d295dbd54b3	0	0	250	120	7.2	1.88	7.6	0	322.8	677.5	0
81930d9d-4c79-4be4-9aeb-f080a60270a5	3e5c5064-ce2e-4b5b-9bc4-7457af91beff	0	0	250	240	7.8	3.03	-15.5	0	422.8	668.9	0
8256c9c2-b101-4bb4-9b2f-61558cd35af1	c2fc3f42-c89e-438d-b939-c11ec3569238	0	0	50	40	8.4	0.26	-98.3	0	14.3	30.08	0
82abb96c-3773-4bb0-b055-a1b6bf545ce3	a63361d6-9e75-4acb-909e-3e428a3d24ef	0	0	250	120	8.4	0.28	-57.4	0	182.3	383.9	0
83a0c6b3-cbbf-472f-b717-b7e8096281c1	a5b2cda9-1ac9-4137-9fc2-a049ab3e2b06	0	0	25	40	7.2	0.32	29.5	0	7.2	12.4	0
84d829cc-11a0-4ae9-931c-1c83e76715c1	1d98a31f-b2f2-419c-8674-466f8ca4c553	0	0	25	40	6.8	3.54	19.3	0	20.72	68.33	0
860afc05-abce-4884-9e6a-f5e7aa9bb4da	1da13dc5-f0b9-4a7b-8d9d-baec3bfa9004	0	0	120	180	8.4	2.53	-14.9	0	282.8	448.1	0
862f9377-1d46-4841-9d37-0eac14fc3a42	e0d3dc1d-e33c-40ca-a9a1-3d9c3e09c4ca	0	0	25	40	6.8	0.01	15.1	0	52.13	211.5	0
86ffbdd0-a295-4eff-848a-7928bbcda44a	db325a1d-d5a9-4800-84dc-43ae034ec97b	0	0	250	180	8.4	1.47	-25.9	0	251.1	389.7	0
87672cff-df5e-4305-88de-ca24b5954308	000845d2-fa75-4fa6-9e69-6be587773471	0	0	25	40	6.8	0.05	43.9	0	30.28	51.78	0
87d9b9db-1853-4efa-b4da-45ed54c82b88	8e6a43df-daa6-4095-900c-4e4d0179d7e5	0	0	425	180	8.4	9.7	-74.4	1398	0	1899	0
87dd6d12-db3a-498f-9ae1-843c6b8863bc	05058fc1-26ad-4b0f-b87a-f000f8668a1e	0	0	25	180	7.8	4.01	-49.3	0	31.24	126.8	0
88263e52-0f07-4300-8176-db3fbe2a5720	c52478df-fdbd-488d-a901-d6beffea2760	0	0	425	240	8.4	0.1	-15	0	670.6	1233	0
887e4c8f-874b-4744-bacd-0a977b7f87ef	ba8c28fa-a580-4b8b-84ae-0ed4738404ef	0	0	250	240	7.8	0.88	-34.6	0	246.8	388.7	0
88a68b58-146c-49f9-965b-400524d15ab2	835dec9a-21a1-4c72-b7dd-5062274b1ea6	0	0	250	120	7.2	0.22	45.9	0	153.9	0	0
88c2525a-61cc-49be-bbe6-af1d74194090	ead25b53-84e3-4c8f-a2ac-7e3109f1606b	0	0	25	40	7.2	3.54	27.7	0	54.82	86.8	0
8944b40b-4019-4b1a-9646-08400603d448	a76c5c56-653a-4fc6-b818-ba0992d13082	0	0	120	120	7.2	0.3	-17.3	0	109.5	168.3	0
8a8f3b7f-84a4-4268-ba06-8df4eb84d9b5	8614433f-6829-4754-9c1a-bcda8afa6488	0	0	120	120	6.2	1.95	102.9	0	122.5	221.7	0
8aeff66a-0416-47b3-b798-97faf2ba1c6d	12aedea8-d06b-4e6d-a3ca-f60b6674a098	0	0	25	0	6.8	0.16	27.7	0	14.87	30.29	0
8b6128ff-bd88-4bfb-9603-5af6a0bc3a2c	ecb24622-a723-4671-9ebb-df5007cff97a	0	0	425	240	8.4	0.33	-39.1	0	450.1	692.2	0
8c8930c4-f321-4095-86ab-4f0403e7a6e1	77a29d94-8021-49d1-a4b7-21bd9eeea42b	0	0	120	120	7.2	0.13	-24	0	78.95	121.3	0
8c98f3ed-1b7b-4547-a8a0-4f7e16be26a9	cb9bb006-aebf-4ffc-a558-32147b1b7cca	0	0	250	180	8.4	0.23	-35.5	0	293.3	450.9	0
8c9c8273-eb70-4620-bff4-ddebaf3545fa	3895cecf-c6e2-4819-8367-722c1a9cd296	0	0	50	40	7.8	0.3	28.6	0	66.73	87.54	0
8ca57aca-73a3-4496-81c7-4011fd132470	3ed2628e-1bcd-4afa-ae55-27309ba21c9b	0	0	120	120	6.8	17.72	86.8	0	62.23	114.6	0
8cc53955-ffb2-4ddb-a60b-fad5b2fa3556	e7d7ce2e-6d10-49e3-b067-3a28e06baa53	0	0	250	240	8.4	2.26	-71.9	0	94.76	272.5	0
8ce11a7a-9983-4a6b-b91d-a6e13daacf68	7ac6ade1-e3c4-44a2-a42f-9d16fedfd550	0	0	250	120	6.8	1.86	87.3	0	118.9	215.6	0
8d04d5ba-cecf-4566-9028-d07112c09087	a0cc74a2-31b5-4dcc-b92b-56cde6f6666a	0	0	120	180	8.4	0.03	-31.3	0	160	613.2	0
8d408368-40ef-4150-95e6-3d40f1ac53a4	67e6d736-6b06-444b-b187-9bf027f91cf6	0	0	120	180	8.4	0.37	38.7	0	156.7	0	0
8d7862b1-1963-4fe8-b353-5a6a76b4c27c	c9dc8cf5-04ed-48a1-b36d-7464c000d4f5	0	0	250	180	8.4	0.42	-20.1	0	419	1370	0
8de7ec8a-9c0c-4287-82ba-96181ed30d78	2e368a8a-e24c-4a16-8d42-87242c58bccd	0	0	50	40	8.4	1.08	-89.8	0	247	501.1	0
8e11a63a-ff40-4df8-9ef2-96613cf2f699	7726c2c1-b3f4-49ee-9b05-b6d294c7afc9	0	0	25	40	6.8	0.13	75.3	0	23.21	49.1	0
8e27b7aa-486b-4880-a3ef-87d019d0084a	676ed0b5-e35b-44a9-9425-570708d05bbc	0	0	250	180	7.8	4.18	7.5	0	407.2	860.8	0
8e46ef28-7ad4-4577-ab18-c3aa0b3f84d4	eb68a324-49b7-4955-9438-564878dc0243	0	0	25	180	8.4	1.02	-32.9	0	235.6	905.1	0
8ef2f876-9c5b-48d7-98f1-29c2ace77355	9a6f788f-5a08-4040-bf02-1be636678082	0	0	120	240	8.4	0.17	74.7	0	632.7	1285	0
8f7ab3cf-53de-4dd3-843d-45bd0e6738e0	9a04e5db-25c3-4cec-88ad-63b63e1b13db	0	0	50	80	7.2	4.05	-46.6	0	27.49	47.19	0
90aa86c2-f133-421d-8e9a-9f06b389538b	31ca5817-a9e4-4437-92e4-981603b99f1e	0	0	25	40	6.8	0.31	58.6	0	36.8	56.43	0
91de2d10-b5ba-484a-93d6-89591734dce6	8eaab6dd-db79-4f49-9c4f-4e57e099a621	0	0	25	0	6.8	0.05	-25.8	0	16.54	11.5	0
9209172d-cf26-4956-bfa5-f9a8561b7425	c676371a-7fe3-4070-9d7f-bed51d981081	0	0	425	240	8.4	0.07	105.6	0	721.2	1464	0
923bbce6-30be-4980-8415-a37f56187584	4a0794cf-cbaf-4da9-8dbe-3c8d65829501	0	0	25	180	7.2	4.03	-31.7	0	34.48	140.1	0
9265a608-c6dd-4602-b152-4262d7b4cf31	baa1444d-06ae-4512-a935-a8b0f9cc171b	0	0	25	40	6.8	0.25	-8.3	0	42.6	84	0
9318e980-7b6a-4b19-a286-69755eb30dea	f59a9090-cac4-40ac-ac25-c7f7f770ea90	0	0	25	0	6.8	0.26	-14.2	0	17.54	36.75	0
94f538c4-77f9-407d-91bf-9e23fa831138	92d52624-cd1c-4bb7-8060-714734bbc200	0	0	425	180	7.2	0.23	-18.6	1199	0	0	0
94fc67c1-f999-4549-acc5-8e3c2606730a	b9d1a69c-7d9b-43f5-861c-6df506d71409	0	0	250	120	6.8	3	15.8	0	239.5	0	0
95bda561-1ff1-4283-a90c-48e31d8336f8	1498ec96-5785-42f6-9eae-5b8ee39e8357	0	0	25	40	7.2	0.12	12.8	0	10.49	19.17	0
95eb6131-4599-4ab5-90c6-0e95eff0a9ff	4d2efda2-8930-46ea-86c6-24f756a64d69	0	0	120	180	8.4	1.02	51.2	0	220.2	376.4	0
97260c97-2d4c-4eae-ac13-e6164cfe52a3	0012c0f9-c9d7-457d-ac72-47a5cacc505f	0	0	425	240	6.8	1.08	58.7	0	156.7	0	0
97a18ecf-6187-4f62-810b-5d9c830b5b11	eb68a324-49b7-4955-9438-564878dc0243	0	0	250	180	7.8	2.05	-18.4	0	261.9	1006	0
98bc0b3d-5a13-4e0c-a617-8410043795f8	36ee3cc4-ed5b-4a22-8dd4-8ae4c925e4bb	0	0	120	120	7.2	5	57.8	0	118.2	0	0
99923e0f-c629-4489-a185-e9248a6f6636	672ed0db-01d6-406c-a0f6-01e1681cf6aa	0	0	250	240	8.4	0.17	-29.2	0	285.5	599.5	0
9993ff27-3424-4f41-b372-36d4993d2177	5d26374b-7c1c-4778-975c-7caff29ca663	0	0	25	40	7.2	1.76	38.4	0	35.26	139.7	0
99d9d6b6-fd74-4893-90e0-e7acdc89c8bc	5bf09e11-d94c-4df0-8bea-c9abf6245aae	0	0	250	240	8.4	0.59	-33.3	0	376.5	584.7	0
9a7b08e5-2376-4e18-b5a8-ce20841cf186	a1817897-b463-4e50-9e7c-1be389c21763	0	0	425	240	7.8	0.7	-0.3	0	486.2	746.6	0
9ac1c80a-267e-4520-a372-8e9b893431b4	0db1be6d-b886-415e-99c3-200183ae76a8	0	0	120	180	8.4	0.23	24.9	0	211.4	324.7	0
9ae9b879-1ece-4680-b7d3-625e4276437e	587485dd-52cb-4769-85c5-b6bbb7600e73	0	0	250	40	6.8	0.37	-17.9	0	195.2	420.2	0
9b309d5e-8b93-450d-a237-2bf2547d938c	3367563d-f275-4866-a8ac-b3769b4a3272	0	0	425	240	8.4	0.18	-27.2	0	360.8	738	0
9b3b4ccb-e483-465d-b353-636c28319136	35e68b38-869a-4acb-95c3-e1f347b31480	0	0	250	120	6.8	1.51	111.6	0	121	219.1	0
9b8e517b-7de4-4609-afe9-adaead3b148e	d0ceff5f-9e17-49a6-96f9-983fda589857	0	0	25	40	7.2	0.2	-30.1	0	41.2	63.17	0
9bd9a69d-6595-4af4-856c-bdab2e6efc29	875a4877-e4ac-4804-9067-b7fd9647052e	0	0	25	40	7.8	0.28	-51.6	0	29.4	0	0
9c02473a-c306-469b-9861-1800b09d7874	49a47055-7429-40a4-9fb5-06adc690c9fa	0	0	120	80	8.4	0.49	-92.8	0	247	54.08	0
9d307704-88df-4bfd-8b4b-682b0a556079	4eeaef86-a0ef-4346-ac58-103572694370	0	0	25	40	6.8	0.37	11.6	0	43.85	63.77	0
9d5e86a7-16b3-4903-9deb-a114ad009dcd	1ed88a47-c838-479c-a90c-ad9f31795d8c	0	0	50	80	6.8	2.62	48.9	0	451.2	148.6	0
9de8ee9b-f5ea-405a-9203-28ff577db415	b9d90a9f-ee4a-49f2-b2c6-db702d6cd12d	0	0	250	180	8.4	0.19	-71.9	0	267.3	410.1	0
9e4ed04b-0959-41de-949b-812091f56b54	785eb2fb-418f-49fa-8069-18d34bd5f154	0	0	425	240	8.4	3.9	4.8	0	225.3	473.1	0
9e8f9882-010c-4f96-9f50-d014588c64d7	57672dd7-958c-495e-8666-54c22c5646ca	0	0	25	0	6.8	3.58	-0.8	0	30.82	102	0
9f01c72b-8f60-47ae-9e8e-946d05117c96	f84e148e-384c-4848-89da-480add9a5524	0	0	50	120	7.2	0.63	-2.9	0	135	283.5	0
9ff0c837-4ce6-4065-ad9f-eb6386b58527	9342bb81-6014-4e27-af12-b35f28541058	0	0	25	40	7.2	3.49	6	0	14.53	46.11	0
a01aaf83-c031-4119-addb-77954e4ea627	1d495e1e-83aa-447d-b97d-c53103df2dfa	0	0	250	180	7.8	2.76	-24.3	0	1009	3800	0
a0a419ea-1939-43e2-bb43-226a1ba05666	681816d6-0183-4b74-897b-9610cce5c014	0	0	50	40	7.8	0.1	-41.4	0	213.8	338.6	0
a130b618-a87f-4afd-bcec-86f17bd3fc38	04a8a58d-f0f2-4c6d-b2f6-e16239e76a66	0	0	25	180	7.2	1.4300001	-4.3	0	1040	3980	0
a25f27e9-e6c0-4760-8c54-ae2fd1a7cc4b	7adcbbcd-f7f6-4d5a-bf3b-fa531f48c097	0	0	250	180	7.8	0.06	47.7	0	270.1	413.2	0
a39d7307-bd9f-4fbe-b7c6-ca0bbe48ce5a	d62ab171-2baf-40b6-808b-c0f31ff1e830	0	0	250	180	8.4	0.14	-43.8	0	198	302.7	0
a39f2cd1-f273-410f-a9e4-736dc8582cfe	f1686a09-ba96-4b81-949b-996d07ee6be3	0	0	250	180	7.8	0.91	17.4	0	266.5	255.8	0
a404c102-3870-41f6-983c-921b20157369	aa26e6e0-4bde-42a7-800c-9845182d007f	0	0	25	40	6.8	3	28	0	240	0	0
a4ffbcd6-f19f-4d69-a8aa-ebff0935d587	44f51002-2131-4a35-8ab8-c064e64bb2a9	0	0	250	180	8.4	0.17	-50.4	0	293	450.6	0
a519ee47-527a-4537-9c51-531bc58afb62	d0bfaab0-61f9-416f-8950-09d0c92634d5	0	0	250	180	7.8	0.21	34.5	0	271.8	417.1	0
a58692ec-66f0-4850-b11c-4e4aebf7da06	a5b2cda9-1ac9-4137-9fc2-a049ab3e2b06	0	0	25	40	7.2	0.25	30.1	0	29.64	50.6	0
a5b9e5b5-6f04-4ad0-a14a-b7d4c98533f8	5846062f-c1af-4d1f-97d5-ffa8f0d117a3	0	0	250	240	8.4	0.06	91.8	0	417.6	0	0
a5cd09fb-77a8-4902-94fe-5bb28cb096ae	5946dfa7-a0f6-4182-9313-c11373668281	0	0	120	40	6.8	0.07	35.4	0	142.5	218.9	0
a63e3a5c-252d-43b9-8a8a-223495e50532	cf8a3d3f-0dcd-4a15-913b-5e960acfd7f5	0	0	250	180	8.4	3.23	-46.5	0	371.6	681.6	0
a64ce9d4-ad91-4a76-9ae4-58664b04a23c	89ddbcac-ead5-4d25-b8d5-a9add116d8f1	0	0	425	240	8.4	0.11	-13.7	0	447.8	939.5	0
a6a13d99-9e15-4585-b1cd-a4b0aee884fc	57c44d69-fc28-405f-976f-62a7f9fe0998	0	0	120	180	7.2	0.13	-32.1	0	118.6	182.3	0
a7ec7e50-79cb-4a06-8d48-90903d09f213	cadeb316-6178-4d2b-9b19-72b013949727	0	0	425	180	8.4	0.31	46	0	242.3	448	0
a80da496-e3b9-46ab-b604-f9340d93e6e7	09880c70-d72c-45b7-b6f2-c6eeb5d70de7	0	0	25	0	6.2	0.24	57.4	0	96.94	148.8	0
a88bf306-6640-4d04-b850-c66418c9c70f	698eb9be-5379-4cb9-a9ce-b6efe32c1a67	0	0	25	0	6.8	0.2	-8.6	0	15.57	32.62	0
a8e11255-b8b6-4394-8906-3d5082964669	46c37bc4-51ad-4643-b9b2-adb0bcee449d	0	0	120	180	7.8	2.51	-42.3	0	348.7	1153	0
a8e7cb34-c924-4448-8bce-48a7eeab0451	b126f4f5-ad66-47d5-98d9-208868d810a9	0	0	120	180	7.8	9.83	-33.3	0	159.4	244.8	0
a91cd9ef-af62-48fe-bc69-8790832c8729	9e59a3ce-9a4e-4a6e-ac7b-9ac34eed75df	0	0	120	180	7.8	0.7	-13.6	0	280.6	1139	0
a9352aef-e61f-4bb8-9a6c-2320e8c4d6e1	aa6a4242-f1ea-41b2-a3f3-51dfa64ef5b8	0	0	50	180	7.8	3.56	-3.9	0	83.38	156.8	0
aa4c4d5a-8a19-486d-a4f2-a9768780b0a2	14af3cd9-675e-4113-859b-0d0d7f7309b2	0	0	120	180	7.8	3.11	-29.4	0	173.5	318	0
aaef0c1d-a637-4738-a690-e4dd17f6c5ae	792bcca2-3f39-4065-8d0b-4ec48acb27c8	0	0	25	40	6.8	0.15	7.4	0	29.5	111.2	0
abb3d3de-c161-40ce-bc77-f438fca5a398	24414740-7f92-4cfc-8681-b5e69ece8ed2	0	0	25	40	6.8	0.11	-45	0	7.2	27.2	0
abe443c8-d24b-42fa-8906-9889dcf53caf	aebceee3-4f97-4718-bf4f-f7cb4cdf8b71	0	0	425	240	7.2	0.14	-30	0	628.5	0	0
ac27e169-3cb0-4484-82e2-64184106358a	c424566e-fb73-46b8-a88b-1855b99261b3	0	0	50	40	7.2	0.64	-24.5	0	22.59	286.1	0
ac8f9d2e-609e-4732-b40b-e72550c7872e	5ca29d1c-4343-43b7-b4cb-8457e72565f4	0	0	250	180	8.4	8.5	-91.6	0	176	269.8	0
acb3b18c-5222-49cc-a3c6-d9d96219f3fd	5969d9d9-bf52-4419-a10f-02be957c57e7	0	0	250	240	8.4	3.28	-32.1	0	1263	383.6	0
ada16da5-3a48-47e6-a4ea-6e5e056f20b6	14442b51-41c3-4dc7-8f90-2ac94588d68c	0	0	250	180	8.4	0.08	-38.2	0	350.8	731.2	0
ae559c35-1e3d-4521-a2f1-6b591aeef674	8012008d-1790-45fe-b36c-4a25785a0e49	0	0	120	180	8.4	2.8	41.7	0	163.1	0	0
aeab24f2-dd6d-4cfa-85e7-c77f4e524f03	6a14af21-0267-4d19-9e16-cd205dd96bf1	0	0	25	40	6.8	0.24	-45.01	0	23.99	43.78	0
afa314d1-4f38-4970-8bbd-4bbddfd3b781	7cfde3dd-b4a4-4116-8747-af033fb4eb52	0	0	50	80	6.8	3.37	-53.4	0	535.8	1765	0
afdd3c86-678c-4257-baf1-1b8d493fd63d	300da28d-224a-4162-a5d9-e9e254dc4f2d	0	0	25	0	7.2	0.12	-15.3	0	208.8	330.3	0
b08c2794-4275-47fe-998e-ff79a7991305	ad2043c5-46b5-45f3-a11b-d87f6c00fcd9	0	0	250	180	7.2	3.6100001	9.8	0	313.6	481.9	0
b08fcde9-95f2-4cd8-8143-7b322cdde7af	6758d57f-0199-4c08-81a8-56060fc75b8e	0	0	425	240	8.4	0.09	-29.1	0	320.4	674.2	0
b0b52cef-b42f-4210-b81d-08fc69914651	10684b10-4635-4953-9ac1-4cdc7111cb28	0	0	250	240	8.4	0.13	-53.4	0	284.5	437.3	0
b0ef3923-cd7e-4a5e-9b28-38b0e794fac7	738d8842-89de-4e2e-b81d-d5eab70ba5f7	0	0	250	240	8.4	0.19	75.2	0	622.4	1267	0
b132ad6f-2a66-4a20-9dde-6897be97d93e	b053fbbd-5b3e-4644-84df-9d28498ce65c	0	0	120	120	7.8	0.85	38.3	0	119.5	183.5	0
b2672033-b06a-4420-8697-cfa82edd37b4	a5b2cda9-1ac9-4137-9fc2-a049ab3e2b06	0	0	25	40	6.8	0.96	41.5	0	28.15	48.1	0
b2a99b79-3da4-43e2-bae9-57deea4dd147	3c65b986-519c-48b2-a15a-ad3c9a47057c	0	0	25	40	6.8	3.5	46.6	0	114.6	34.86	0
b2bedfe2-c336-42c0-bbf8-476e1344dc35	54f5a1ee-aed3-40f0-a311-729e7b682e39	0	0	250	180	7.8	3.95	-26.5	0	306.1	644.6	0
b4403627-374b-4585-a5a1-f77545a3edc0	d66d72fa-252b-4c26-966a-a5c5fb597a59	0	0	25	0	6.8	0.12	-15.6	0	43.05	90.52	0
b45acb40-d46d-4bce-ac44-5961c6e5ec6f	b72c559d-767f-48ff-b2a7-1ad942df4f3c	0	0	250	120	6.8	0.17	103.7	0	239.2	443.3	0
b4617307-b1fc-43b6-9699-3bd28fd8f604	eb0e42e5-53b5-4d18-a36c-d1ca262aed65	0	0	120	180	7.8	4.75	-25.3	0	301	1126	0
b48c0ef0-cfb0-49cd-ac38-5255c6afc0db	c395bc8e-71e7-4a79-a3d8-d43370c4f3dd	0	0	120	180	8.4	1.56	-26.8	0	126.6	194.6	0
b4a0c038-5fe2-43b6-842a-84530b0691ef	281fed01-0afe-4a05-9103-2949625ed335	0	0	120	80	7.2	1.97	105	0	306	624.5	0
b4ca67e5-692e-45f8-9143-a1678f384187	687cd1cf-9091-471e-9bc7-5b8d0bc31286	0	0	250	120	7.8	0.24	56.6	0	120.4	185.2	0
b5a60638-8089-4fcb-ad68-04e16027936f	1c30d79f-a867-4d8c-8348-b41df0a1f9a4	0	0	250	120	6.8	1.65	94.2	0	118.2	214	0
b5cfaad0-052f-4581-8716-8eaa0a606c21	28642adc-d38c-4fa4-a73b-6ab91c7e4c72	0	0	25	40	7.2	0.22	-31.7	0	446.1	1716.1	0
b61d4345-f678-40a4-85bb-615885f49408	5846062f-c1af-4d1f-97d5-ffa8f0d117a3	0	0	120	80	7.2	3.76	68.6	0	295.5	0	0
b70b96b6-41b3-4c93-9cac-47296829f72b	b7d80571-ed75-44f9-a529-5b71d8ffe19f	0	0	25	0	6.8	0.14	-29.9	0	24.28	45.58	0
b795c635-e6bf-4755-bbf2-83b7ef639721	74bae606-6be8-4a44-a99e-bf5ebe96824d	0	0	25	0	7.8	0.13	-30.3	0	30.99	25.98	0
b7c678ed-2b45-45b4-b774-a3eb05407862	754bf680-a045-4b49-ba3d-1d17dc92858e	0	0	250	180	7.8	1.44	-27.1	0	280.4	444.2	0
b7dfff94-f763-40de-8f9e-826c4f55b6ab	7e4c11de-fb6f-4319-a63e-589f9801957d	0	0	425	240	8.4	0.04	60.3	0	239.4	437.5	0
b97978bb-5715-493d-8639-e5eafc02de71	2de55d38-6a22-4ce2-801d-77eb37a52699	0	0	250	240	8.4	0.12	55.7	0	240	368.5	0
b9ed5491-53f5-48f6-a8c2-51e6ee86d2a7	4c5f2295-fe71-46aa-9d26-93163c7d3e7d	0	0	120	180	8.4	1.48	55.4	0	223	381.3	0
ba96c9b2-767d-4ac0-b5be-9022ae1d38a1	0044a35b-cf38-4510-8583-cea64d5d86e0	0	0	250	120	6.8	1.38	5.5	0	239.4	0	0
baf3a53b-9c81-4fc2-8fd9-ec0bcbffa0ae	381d7850-0d24-44cd-979d-7f7bcf8ecdba	0	0	250	120	6.8	2.12	3	0	322.9	67.2	0
bc2c2386-0d3c-41b5-90a3-3f95f9146975	7f2799fd-98d3-4e4e-8530-3eecfeea904c	0	0	25	40	7.8	3.52	-14.8	0	30.16	55.28	0
bcbf6881-86aa-479e-ad15-4723f9be9ef3	904457cb-206c-4bbb-8919-850f70a21e6f	0	0	120	120	7.2	0.01	6.1	0	261.3	548.7	0
bdb71740-94ea-44bf-9eb3-e75c34286c12	2f43b174-8c46-429d-bc55-74da4f3951ea	0	0	250	180	6.8	1.5799999	75.9	0	128.1	218.5	0
bdce79a0-558b-49a6-b7ce-ae66f916b3b8	34766094-f593-4777-b565-bd92e3e4eeb4	0	0	120	180	8.4	1.31	-44.5	0	200.5	343.5	0
be0c611f-b65a-44af-90d3-9547f3f1c96e	fdfba9c5-f2f2-4694-9c72-b9f0c1661ef4	0	0	50	40	7.2	3.6100001	20.6	0	30.53	55.85	0
bf443777-51ce-43e7-aebc-994578cc38f4	8e7cff71-f94b-4965-bffe-8fd18f5449fa	0	0	120	80	7.8	3.07	6	0	217.3	860.6	0
bfbd5ea6-031e-4d39-ba20-02589458ad23	8136d7be-dad7-4dc4-a63d-f761c36918da	0	0	25	40	7.2	3.53	20.2	0	26.01	85.44	0
c011274a-88a4-4a61-8748-2de389401a52	b110865b-0c00-4e9c-bb1a-89c20e2a1c3a	0	0	250	180	8.4	0.33	-32.6	0	215.8	453.4	0
c0df7296-2dc7-414a-a192-6a4a67410df2	ec4b49ea-cd39-4e44-a7f9-fc9e1e551b70	0	0	25	40	6.8	0.35	9.5	0	41.26	155.1	0
c266cd3c-7b42-45e1-91ea-9decdf563a97	473b753d-b889-487d-b1fd-a69b15ed5b38	0	0	250	120	7.8	0.06	-0.9	0	389.3	817.9	0
c2cf989e-80cf-49e8-bd40-6a4f4ae022b7	76f59f7d-1bfe-4700-abb2-6726eb17eb3c	0	0	250	180	7.2	0.67	23	0	599.5	2260	0
c39730f7-6b72-4182-9e25-73652c2ad5af	289df088-bf1b-4707-bc35-05f3c4ba1eae	0	0	25	40	6.8	3.56	10.5	0	22.3	73.54	0
c39ae56c-0243-4830-8cbb-f0906186428b	44b5a15e-a43d-454d-bfdf-62731875c526	0	0	25	0	6.8	0.17	-12.8	0	13.84	28.98	0
c3eda24b-c4ed-47dd-ad87-3c1934ad3667	7ead62a7-9918-46ac-a4ce-7d1098aa0cc6	0	0	250	120	6.8	2.03	64.8	0	122.5	221.3	0
c421ad27-b900-4810-8777-569ed79b2152	9844d351-959d-4654-b01d-9a48661d360d	0	0	120	120	7.2	82.2	0.7	0	164.9	345.8	0
c4da713d-2864-4614-94bf-45821f267205	492a96d9-8f7c-4a73-a2c1-d6e84987825a	0	0	250	180	8.4	0.12	-70	0	181.9	382	0
c52300c4-6562-493a-84c5-bfeec7689350	4f431db6-e99d-4b79-9a22-3bd2e3439870	0	0	250	240	8.4	0.59	79	0	629.4	1278	0
c5512489-ec40-49f8-8903-535d381e8ed3	b6900a72-67d1-49b9-879f-3c09d1ee3ddf	0	0	250	120	6.8	3.83	16.7	0	216.5	332.5	0
c56d17c6-3d03-4b3c-90b0-36b24543cc84	2fd8d534-e1fb-468c-a4ad-807deace6314	0	0	250	180	8.4	3.52	-60	0	640.7	1095	0
c57f7145-f9fb-44f4-97b3-072d82fad37e	977e21c7-21ae-43e1-9d21-014f5f4b11e2	0	0	250	180	8.4	0.25	-6.37	0	174.1	366.1	0
c6060529-656f-49cc-8693-1cbb2805928e	eb68a324-49b7-4955-9438-564878dc0243	0	0	250	240	8.4	0.34	-65	0	515.3	1979	0
c624fe4a-2937-48e1-b594-a84d9e397a1c	d22ab6c7-d8fc-48ee-a29e-ff3251082674	0	0	250	120	6.8	0.26	75.4	0	230.9	425.8	0
c6bdc6ef-7bd5-47d9-a1eb-8d9972af65a5	c3d0ce45-a140-4e41-9436-f71ce372a52c	0	0	250	120	7.8	0.04	-41.5	0	211.1	324.2	0
c6d771fa-022b-4735-9638-6b1d2fc53d70	87ae2f18-34ac-4877-be79-d933bffc0701	0	0	25	40	6.8	3.62	31.6	0	9.68	17.77	0
c733778b-1371-483a-847b-3b970682f656	a3af0d4f-75ea-4aa8-8a26-893588ba20dd	0	0	120	40	7.8	3.51	21.1	0	27.99	59.1	0
c752309c-6660-418d-945d-a945b02e9701	2955a10b-8e85-4180-8a65-8c43f8eab2bb	0	0	120	180	7.8	1.16	-9.6	0	219.7	374.8	0
c7d1df0a-c01a-4485-a55b-86736e24f202	7312ae6a-d801-4b53-bfb4-996a5452ad7a	0	0	250	240	7.8	0.32	-37.9	0	188.4	396.2	0
c7ed015b-56d5-43ad-9f18-7dcfee0b9e27	16c3d4ac-2ee2-42fb-8dd2-d3fe2554ea94	0	0	25	180	7.8	4	-25.5	0	-34.51	126.9	0
c815ea87-cde4-432a-a76c-dbeb4815c9c4	44373bd3-ee86-4d7f-aa96-1213ed2f4c06	0	0	250	40	6.8	0.22	-52.7	0	181.1	380.2	0
c8851a52-0246-4c73-9722-c1e090f2116e	86d7125b-6728-446b-9c50-32bc5ff31878	0	0	120	180	8.4	2.73	-54.9	0	7.87	398.2	0
c8c00acd-a666-4733-b6fd-aa495ec891a0	141737f1-f536-42f2-a0b4-bb86b2a122ec	0	0	250	180	8.4	1.46	57.2	0	300.1	614.4	0
c9f0f651-0e34-475c-9945-0650c42dcd38	c2006d84-e739-423d-95d6-52e816115078	0	0	120	180	6.8	69	-2.5	0	174.1	267.6	0
c9f62a4a-365c-4521-9773-2688967416f1	28da2761-db71-4e27-b166-257f865baaca	0	0	25	0	6.8	0.05	7.7	0	18.84	72.08	0
ca589b7c-48fc-4003-adc2-5ba23edc186f	978d5e47-f427-43e9-a7bf-e519c3ad45ca	0	0	250	180	7.8	2.74	-28.2	0	646.5	1015	0
ca741170-73e0-453d-ae4e-6c775b0ed4b8	eadeb818-5df9-49b2-8255-96e3a6d38b6f	0	0	50	40	6.8	0.05	60	0	38.45	156.3	0
ca782c34-6a5d-4d12-a9a7-692658f52e0a	8ca50f9d-2955-4c2f-a4f8-2fa59809b627	0	0	25	40	6.8	0.05	17	0	75.25	292.7	0
cafcd23d-9fdb-48ce-bc4e-b8e597b52d98	6b6269d7-5036-4ce7-b9ad-4737e04fcd32	0	0	0	0	7.2	0.24	-13.3	0	241.6	371.3	0
ccc61db2-37ad-45bb-a25a-40fe990bfddb	b182aba9-67b2-497a-8a54-aaec6bba437f	0	0	25	40	7.8	0.14	4	0	26.11	47.76	0
cd55d0d0-df14-4158-ae59-6a5bf1f2e80f	65df8986-6760-4888-a9e1-33c2cdbeb63c	0	0	120	180	8.4	0.14	-48.9	0	117.9	181.16	0
cd66de6d-44a0-46d0-8176-a486065fd267	80f1e662-5bc1-4803-ae47-078924e25166	0	0	250	240	7.8	0.27	-64.4	0	476.3	1784	0
cda9c1dc-0aa8-4b53-b76b-a5e21adbf2aa	ef6895fd-e9ab-4128-80f2-da4c57afaec9	0	0	0	0	6.2	0.22	17.1	0	12.01	25.19	0
cdfad8a2-6446-4194-aec6-6e6bd2af8f1c	7217ed8c-ba81-43cb-95a5-6dc0ef20a18e	0	0	25	40	6.8	2.79	49.3	0	24.8	81.04	0
ce0365af-e7e6-48f1-a8d4-13e58cf9f983	95b424cd-c76b-4c3d-9b6a-22e3d3f9d3d6	0	0	50	180	7.8	0.87	31	0	221.3	378	0
ce106e72-498e-44f2-b92c-7be08e9fc1e6	3beb3c15-0385-4263-8002-7514a1b4c36a	0	0	25	40	6.2	0.15	9.4	0	21.69	836.2	0
ce47e3d9-68f9-4f0a-a026-7852eb4195dc	20ca5fee-506e-470b-9c5e-23a5c1e90aff	0	0	25	40	7.8	0.22	20	0	38.83	61.08	0
ceeb9afb-b4b1-4da4-87b8-db0b62f34173	cd24dc04-465b-4020-8a3e-2e797419d3f9	0	0	25	40	7.2	3.58	42.3	0	12.6	20.09	0
cf0beb4d-ddc8-44e8-8c9c-83e67066d8a3	2bcf2b5f-08f5-4fe2-9fe6-5293ba9a51ce	0	0	50	40	6.8	0.19	-5.9	0	49.42	75.99	0
cfdc8d7d-4c99-449a-b1e5-079ae61f073c	18d922cb-639b-4a69-b65c-4deb58a21192	0	0	250	180	7.8	6.16	-4.2	0	317.8	656.4	0
d07159dd-d251-4aa1-a66f-97fbd8a4b57c	07368428-8586-443b-9c54-1a35146a0432	0	0	250	180	6.8	0.9	4.8	0	418.3	1590	0
d0e104c8-8119-4cf2-b103-2cdcdccbcda7	d88ce506-5e06-4e17-9b7c-938af03e8dca	0	0	25	0	7.2	0.21	33.5	0	7.2	11.03	0
d0eb80ac-4194-4ace-9db5-67b6df19a547	232a3d91-fae9-4205-beeb-523454d6edce	0	0	50	120	6.8	0.22	11	0	71.46	150.4	0
d1a99d15-b37e-4cec-a373-cdc1e85f6dc4	ba990e04-040a-4c16-9b3b-f21b78c99d89	0	0	250	120	7.2	4.63	70.8	0	127.9	233.1	0
d34cfd07-a001-4b97-82f6-dad5a3fdda11	243e9cd1-fa80-43bd-8a22-b5ad33df698d	0	0	425	180	8.4	1.17	75	0	282.1	573.5	0
d3d74a84-d22d-470b-9a49-168b3660d6c3	9ab65c47-233c-45c1-a8a7-99f24785a909	0	0	25	80	6.8	0.11	30	0	44.32	178.2	0
d409f50d-00c2-4599-96d9-3036e668de4a	de475355-0b5a-4c6e-a218-6da27724bdcc	0	0	25	0	7.2	0.27	33.9	0	17.13	21.87	0
d4ac6990-c808-4d2f-9abc-583b459d62d8	436e2d76-4e42-40ad-8cd9-24343195c19b	0	0	120	180	8.4	1.05	-38.9	0	224.8	862.4	0
d723ce9a-f30b-47e5-b52c-a392f14fedd8	a5b2cda9-1ac9-4137-9fc2-a049ab3e2b06	0	0	120	180	8.4	0.25	33.7	0	218.5	374.3	0
d72cb4b9-d71e-41f5-a155-6f5797c9e943	50cad16a-6baa-4246-ba14-47f89517de90	0	0	25	40	6.2	0.27	-42.3	0	25.41	186.2	0
d80414be-400b-479d-940b-155c995733f6	12142584-288e-47a4-bc4a-5c76ff12e18d	0	0	120	80	8.4	1.5799999	-51.3	0	298.1	471.8	0
d8769873-bda2-4923-888c-95fed01697c7	875a4877-e4ac-4804-9067-b7fd9647052e	0	0	425	240	7.8	0.13	-8.5	0	674.9	0	0
d889156f-eec1-48bb-aca3-c0b5522a25bc	0086c31c-86d7-4124-a810-c5ddf51d7406	0	0	25	40	7.8	3.54	-28.5	0	35.87	58.58	0
d8b359dd-fe92-4775-811f-b6fd4eba9d58	e493e74b-69d8-49a2-ada2-3f850d88a169	0	0	50	40	7.8	0.2	-20.8	0	78.84	144.2	0
d8bada9c-0b43-416f-a981-598229937094	a2796baf-0a7c-4068-b5d9-67db41da3894	0	0	120	180	8.4	0.96	-37.8	0	226.7	870.9	0
d8bb7b6c-4c98-4ae6-9bce-b4c3a209b05c	ea20e762-6285-492d-b139-67211c300e85	0	0	250	240	8.4	0.16	-50	0	492.3	1893.1	0
d8ed247b-471b-4d15-81dd-5c2530ca15e2	655449e8-107c-41ba-bcd9-8ade5b4045d3	0	0	25	180	7.2	3.81	-43.1	0	15.36	63.56	0
d970998b-b0a7-49b4-b3ea-a0631314fa6a	ccc81e9d-3e49-46dd-bf82-dbd9f9be02ed	0	0	250	120	6.8	1.85	93.9	0	122.3	222.7	0
d9877eea-a524-420e-b1a0-455334843bac	cc986e20-17e2-4cc5-9918-5c7428c323a4	0	0	25	40	7.2	0.22	-21.1	0	12.29	22.45	0
d9884622-0f46-4482-b0e1-f17c2fc97d78	10e65df7-9fde-454b-86de-66c50d8895bf	0	0	250	240	8.4	0.15	-42.7	0	185.7	390.3	0
d9aa4134-8c24-42c3-acc0-a1009b6b0f8c	2ef7669b-622f-437f-9adf-9b67fc7ce8a9	0	0	25	40	6.2	0.44	-9.6	0	18.79	35.61	0
d9afc11c-2db9-45e6-b14b-5249d56300ce	0f460269-8f1f-4126-8dc5-cd09feae7f27	0	0	25	0	6.8	0.13	18.1	0	53.86	62.21	0
d9c63fc1-2155-417b-a9f5-1b5e55eefb0f	875a4877-e4ac-4804-9067-b7fd9647052e	0	0	25	40	7.8	0.06	-43.5	0	27.21	0	0
da32ef08-2d33-4d3f-8dde-304a93e4875c	010cbc9e-b1ea-435c-b43d-d0e0b968d145	0	0	0	0	6.2	0.21	-0.8	0	12.54	26.37	0
da4f3b58-8e6c-4adc-9beb-a9bec42eeb3b	f6ae3a9d-4a04-4e54-86dd-994a5d88c8ce	0	0	250	180	7.8	40.8	-33.5	0	156.9	241.2	0
da7a36c1-dbb0-402d-a781-2a15d9628aae	d7b6ca51-965f-47c4-bee4-c849b8ba5328	0	0	250	120	6.8	2.5	20.2	0	167.6	352	0
dadf13bf-7b0c-46b3-8c47-9a853cb398cf	d305d32e-bd76-40ce-8492-a734ae351354	0	0	120	180	7.2	0.43	12.6	0	117	188.8	0
db431463-de56-4a5e-8a36-5d8cd06afb20	5846062f-c1af-4d1f-97d5-ffa8f0d117a3	0	0	120	240	8.4	2.62	94	1203	0	0	0
dbc09689-c805-4293-9548-7b9548836a31	d79e7223-1a12-4db5-9351-b36bbe2b8b2d	0	0	25	80	7.8	4.25	-29.9	0	25.2	102.7	0
dc767aa1-2e4f-4a8f-9048-f0ef79b2a165	1e14938e-5563-4bc0-bd0e-7e69c6663b22	0	0	250	180	7.2	3.3600001	-14.6	0	429.6	899.6	0
dd2cd06c-9f3c-4d5a-862e-cd7781cd1eaf	6b17b52b-d5ad-4981-9162-f4386eb7edc1	0	0	250	120	6.8	0.09	87.9	0	230.7	422	0
dd362c6d-d7d1-4e9b-92ef-84085f9441e9	b3a19cab-601e-4456-8d3c-9484873b32f8	0	0	250	180	7.8	5	45.5	0	279.2	0	0
dda672a5-8646-4cb1-9fcf-dab98aca4043	bab0b0ab-fa70-4baf-96f3-473c40f4a1be	0	0	120	80	6.8	19.4	73.4	0	122.9	98.74	0
ddda39e2-b32e-4ae2-8e81-f764f80959a5	8eaab6dd-db79-4f49-9c4f-4e57e099a621	0	0	250	80	8.4	0.75	-38.5	0	16.8	64.27	0
ddfa1fc6-202a-46e3-aacb-a2534f6d0707	b27a5053-4c2c-4f7a-b5c1-267b5af7ed85	0	0	25	40	6.8	0.12	50.9	0	33.01	56.43	0
df27e8f9-6622-4fbe-8c97-6d6788060f4d	73bd85cf-8447-420d-9baf-9232eec2a1d2	0	0	120	120	6.8	1.41	0.6	0	202.7	777.5	0
df3f4248-e24a-47e1-9805-4cb062e12058	3f0403e7-8090-4016-9226-0a15c507bd83	0	0	25	40	7.2	0.05	13.1	0	62.2	91.97	0
dff2a325-be4b-41f8-859a-1f09753d3b5c	fc7a327d-9acf-4d46-bd7c-30fc3ffe54ad	0	0	250	180	6.8	0.33	2.3	0	286.7	602.4	0
e0db671b-8baf-4551-86b8-7cc376079a30	8f98e3cb-9cbe-49de-941e-da682e95aa7a	0	0	25	40	6.8	0.12	41.8	0	14.88	25.42	0
e1315c04-a607-4ffb-8bff-e99b5194788e	52fdebd0-4c6b-43d8-abfc-d1fdb5751df7	0	0	425	240	7.8	9.07	104.8	0	480	976.7	0
e13e3eb4-bbdb-49c0-a3ee-c5494c9df94f	24315429-bfc1-4c99-8199-18ec62d6ff5c	0	0	25	80	7.2	0.08	101.8	0	721.9	149.1	0
e1873798-5d54-47a3-910f-2740f6850936	6c8a9f96-0ba8-46d8-b528-fd106a4b4e54	0	0	25	120	6.8	3.7	-28.5	0	29.89	51.09	0
e1a623df-0b7d-4e52-ade1-7130b157f02a	8b76ef07-3361-4877-84b0-447a17cd86ee	0	0	0	80	6.8	4.01	-24.2	0	24.11	97.95	0
e1d5d223-2d29-495e-a75f-ff1f1dca98ba	b5469954-dc6b-42b9-a3ce-8640abfdd67f	0	0	120	180	7.2	0.3	-14.6	0	137.5	211.2	0
e21003cf-26b2-48f9-b61c-2b886f40874d	e55bb702-8594-4fe4-9774-166984f97647	0	0	250	180	7.8	3.08	-40.9	0	373.4	679.9	0
e250f552-fc8c-4ccd-a3be-feb6086bbc7a	c03aeed8-a8c6-42b3-9060-17918080d190	0	0	120	80	7.8	0.39	-43	0	121.3	254.9	0
e263b16b-fdbd-47bc-97ff-9009b2b2479c	a6470b9c-0264-4a90-b88d-cb4ab3e5d8da	0	0	250	120	7.8	6	5.5	0	466.8	0	0
e2884692-99fe-4973-90a5-c7f8abba0ad5	92b21f2d-88b9-4366-8aef-b967be4b52fe	0	0	50	40	6.8	0.03	-26.4	0	83.18	142.1	0
e33653b5-7da3-4dc3-b24e-24c0c72998c2	3a637ee1-0d14-4319-8713-33901c3d522e	0	0	250	240	7.8	1.77	29.3	0	659	1044	0
e3a0c13f-2cf5-43ad-8c86-7315b5cd85a3	e0988c10-9ef9-4401-88d6-abdc6e22f4bd	0	0	250	180	8.4	3.46	-32.1	0	545.4	1793	0
e3b64875-9a77-4ffe-a670-d1ffb1aff99b	bc33e3be-0417-423d-91b0-8b2977ce24b9	0	0	120	180	8.4	0.24	57.8	0	138.2	212.6	0
e3bbe4c5-540f-4951-b10b-eb5bc02585d3	fa7fd63c-bf05-427d-bdf9-878d218b2442	0	0	120	120	6.8	2.22	115.2	0	121.1	220.8	0
e3c1350e-ae2e-45eb-9f7d-91172c29fd00	687c86d2-9893-49b1-a6c9-e3d6721c5eaa	0	0	250	180	7.8	1.36	-38.6	0	908.7	3450	0
e461d29e-4bbe-48d0-ab38-99cfb3514b60	898743d2-1e5f-4ba8-80b8-21b4a0d3e27d	0	0	50	40	6.8	3.6100001	35.9	0	23.09	42.28	0
e54475b9-0651-494e-82dc-98ef7afd8133	a271476f-4a53-4b35-91b2-5bec586a912e	0	0	250	240	8.4	0.05	-12.9	0	222.4	480.1	0
e54550ae-6266-48c4-8f4c-15ed102843ec	e1aff0fa-e83b-4f46-8a36-2190f19d7f8a	0	0	25	0	6.2	0.04	10.8	0	16.67	25.62	0
e5e007bb-878a-4210-805a-c68379123cd6	00a96350-732b-4e67-87bd-206d69ccc41b	0	0	120	180	8.4	0.2	-73.9	0	132.7	203.7	0
e6030489-e862-4a46-8f00-0f3f62eec1a3	94061c47-ab1f-4ae9-a6cd-f289eefb9553	0	0	250	180	8.4	1.5699999	-14.7	0	216.1	332.1	0
e67b1bd8-5d9f-4fbe-a5ec-1e149a33fec8	4ba6c9cc-d5bc-4e39-9638-1ff8e33e517c	0	0	25	0	7.2	0.02	-16.4	0	13.8	52.98	0
e708b5c6-ead1-4bbb-b956-304fa3831a49	2b838fdf-75ce-49f5-8083-f6d07a172499	0	0	250	180	8.4	0.43	35	0	581.8	0	0
e78d2851-72e1-4520-858c-722c073c1c41	edb2c2ce-f4bb-4b5d-9bad-c7eb42c0e174	0	0	50	40	7.2	0.28	-1.1	0	28.72	44.17	0
e7df9974-d71d-4175-a232-f8031d149fdc	a4727878-a159-4a37-9053-a5b6ac2b63f4	0	0	25	40	6.8	0.02	-38.2	0	60.3	231.1	0
e820d4c0-6529-4cc1-a440-4f5ba05389db	14bac929-3d89-458d-8bf5-bfe0c1c860a1	0	0	25	80	7.8	3.96	-57.5	0	37.32	149.3	0
e86e3f49-cb3d-4495-befc-9c494270eca9	cccdfd3d-8d91-4efe-9894-8e121af55e8d	0	0	250	180	7.8	0.07	30.3	0	207.9	319.8	0
e8d0d549-96d6-40a9-8b12-539cabf0c977	2a070a59-2628-47eb-9b4e-3f61cf368d76	0	0	250	120	7.8	0.22	-20.7	0	267.7	542.7	0
e9788422-9eb2-4e98-8b8a-d2da6522c40a	af56e2e2-ac5b-466b-a23d-fda289b40e25	0	0	25	180	7.8	3.96	-59.5	0	16.36	115.4	0
e9970b83-3219-48be-856d-23c4a96f3730	4cc8ecd0-a0be-44d6-8c9f-504339f9dc6d	0	0	25	40	6.8	1.38	-48.5	0	35.32	54.32	0
ea925767-06ea-4163-8fc6-c8b5eda446fb	9324ecd9-c1be-48e3-bc92-f147b02edc95	0	0	120	240	7.2	0.39	41.7	0	190.8	0	0
ead15003-9963-42bc-bbc7-ec16c237d688	9e2d7553-4f49-44a8-b41f-dcb7ba234451	0	0	250	80	7.2	2	41.2	0	406.6	0	0
eaed4d00-8f02-4ac8-88c7-5afcf637517e	1d72ad62-ea39-4a38-a3da-9db8c6ab9ef4	0	0	25	80	6.2	0.11	17	0	29.27	778.8	0
ebfcd946-1396-4fca-98f8-3aac0c96cf29	af85662b-4cad-424e-9961-5d161f1db350	0	0	120	180	6.8	4.14	25.8	0	215	330.3	0
ec1d91a0-cbe8-4d1f-b7e9-799efc3550fb	4a83972e-6c54-47ba-b317-357f3ee6d696	0	0	250	240	7.8	6.38	5.2	0	219.3	461.1	0
ec2636e9-b61f-4a17-b984-47ed65cc4b37	be397381-43de-400a-982b-930b4b9ca0d8	0	0	250	180	6.8	2.75	-12.1	0	184.4	390.6	0
ec891d4c-9e7e-4aaf-9c94-d18131fbeddd	875a4877-e4ac-4804-9067-b7fd9647052e	0	0	425	240	7.8	0.16	-17.6	0	547.3	0	0
ecb3f0e2-a656-4b7f-9a65-f89642fde6b7	dda414b0-e1ce-49d0-9fff-25dc51384379	0	0	25	0	6.2	0.17	-3.5	0	6.327	13.06	0
ecc4576a-a15e-4176-8675-88c4248064bd	671151bb-da73-4ae0-8a47-2502dae34ba2	0	0	50	40	6.8	0.2	-13.8	0	73.77	111.7	0
ecdd28cf-d373-4f73-9d93-f9e7b92fabe6	02358869-7354-4766-8b47-a9f6b236eac9	0	0	50	40	6.8	2.93	-101.2	0	551.7	1820	0
ed0ce095-7ba2-46a3-987d-738e8029be8d	6f0fc048-6d2e-44cf-8cdd-205f42e3f2d5	0	0	250	120	7.2	2.17	74.5	0	117.2	214.6	0
ed0d02e2-6d9e-4c95-9e78-9606b02ee730	3efa17fc-f481-44b3-936d-b9343ba6e246	0	0	25	40	6.2	0.19	-17.2	0	25.44	925	0
eda57f2e-f364-4a9a-96e4-fd8be74e5331	a5b2cda9-1ac9-4137-9fc2-a049ab3e2b06	0	0	250	180	8.4	0.3	27.4	0	227	387	0
eef73861-f292-4d2e-87f5-1fefc1dd391f	d79e7223-1a12-4db5-9351-b36bbe2b8b2d	0	0	0	80	6.8	4.08	-14.1	0	26.85	109.3	0
f0445958-5132-4d4d-b34c-26026e1a0504	d249298f-4ac5-4b8b-b978-dc0e7080b934	0	0	120	180	7.8	5.4	41.7	0	190	0	0
f06a5119-3be3-421b-aec4-2f3d43d7a0db	846ab900-72c1-4eba-afef-2d8056778737	0	0	25	80	7.8	3.46	-25.7	0	49.12	77.81	0
f1590d66-c925-486d-a09a-715ee222bec9	a5b2cda9-1ac9-4137-9fc2-a049ab3e2b06	0	0	25	40	7.2	0.25	5.1	0	10.2	17.5	0
f1598805-54ff-470e-8175-e464b7c9ae08	2aad92b7-142c-48c5-aed9-98ab9d02e5d2	0	0	425	180	7.2	0.19	11.2	0	397.3	820.6	0
f1af49e8-0157-42c1-97b1-0eef0ee18b67	a7ba662d-35a6-4151-b256-68a56b3e58f9	0	0	425	240	8.4	0.2	74.5	0	337.6	518.9	0
f28856ac-3ac6-49e3-873d-45b347810278	a5b2cda9-1ac9-4137-9fc2-a049ab3e2b06	0	0	120	180	8.4	0.14	38.5	0	323.6	566.2	0
f3fed4ba-2ad3-4653-bd48-2ff49d006ceb	717c9ae5-9563-43c0-b254-66a4e262b582	0	0	250	180	7.8	0.23	-44	0	222.8	468.2	0
f49305fe-1d7c-47f1-9a1a-ba1ce45e251c	c2b755d9-192c-4f25-8ffd-c25bcf972fc8	0	0	120	180	8.4	1.4	23.2	0	240.1	0	0
f4b65a60-663e-44f1-a9f5-bb15cdcbb14b	4afa9fec-fbac-4115-9649-3c2066739dd0	0	0	425	240	8.4	0.12	72.2	0	300.3	642	0
f4c4a6fd-adc3-4a4d-83a7-f5d99475ab12	aad9ec5e-e616-4610-8e54-31758d7dce9d	0	0	250	180	8.4	0.37	41.3	0	238	365.2	0
f4d2f24c-73a2-4a80-8398-f0e20cdd9427	7db6c2da-d5d5-4596-abd2-a9ad3541fe0a	0	0	25	80	7.8	4.25	-29.9	0	25.2	102.7	0
f4fbd296-8055-4d75-8457-755f4f264e17	872d6ec2-144f-4f23-8a5b-e7e71f45ad1f	0	0	25	0	6.8	0.12	8.2	0	7.406	28.54	0
f5690fd0-c336-4a47-8bbb-330b0a7e9f78	99f975c4-5a0e-4a11-bd2c-fcababb9d421	0	0	50	80	7.8	3.31	-2.4	0	55.87	88.5	0
f60c9553-b411-4964-9ffd-c90f441a7e1b	56ee08e6-972f-438c-b8e1-c12390b804e8	0	0	120	40	8.4	0.02	-34.9	0	253.3	464.1	0
f637d44f-c609-42d6-a678-2c3660df3919	00b311d4-0cd9-4101-9036-eecfb1d8c85f	0	0	25	0	6.8	0.14	-24	0	38.09	70.62	0
f7180ce6-59d3-4368-9bad-4cf6f726ebc3	2d229c8d-3e25-44d2-a83d-2d387da02244	0	0	25	0	7.2	0.07	35.5	0	22.7	31.78	0
f83e84e8-329a-4dac-92cf-f7346815fb0e	875a4877-e4ac-4804-9067-b7fd9647052e	0	0	25	40	7.2	0.07	-36.5	0	26.49	0	0
f84b351a-63b3-41fd-bb8d-8f1127cb9dd6	ddf9e969-099a-411a-be34-e759a41a929b	0	0	25	0	6.2	0.09	9.5	0	37.51	78.78	0
f9735d67-74ad-4488-be10-17a12f04ea22	4fa9416e-8ec2-4a3f-b8d5-5aabfb77ccd5	0	0	250	180	8.4	0.19	67.6	0	184.5	383.7	0
f9d1156f-5abd-4368-a6d5-6d4de50fc2bb	fc27058e-ecfe-46fa-9888-db7390bf115b	0	0	250	120	6.8	1.79	86.9	0	137.2	252.8	0
fa2e4d81-d3d8-44f3-8f3e-f9c0790edc79	6b137541-23aa-42e6-8834-50059cf2d548	0	0	250	180	7.8	3.85	57.8	0	239.5	0	0
fa9c92b4-85d7-4121-876f-a466825fb266	6d84a039-5c04-48b4-96b8-4042a8199ccb	0	0	25	40	6.8	0.19	10.3	0	29.72	47.37	0
fc315343-91eb-4892-b7f5-14f246e6171f	5268fc79-0625-44da-8047-cfa1b6c8424c	0	0	50	0	6.8	0.17	-31.9	0	46.64	97.42	0
fc3ee349-1515-4ec4-9372-4430739a804b	292a76cb-0e61-4b1c-ab47-16ab9a0ba739	0	0	50	40	6.8	7.39	-18.6	0	124	466.6	0
fc4d2de0-91ea-408a-a390-145be5ccf0da	9b319133-7c42-4d37-af1d-727d0a04f510	0	0	425	180	7.2	0.11	89.1	0	226.6	426.9	0
fc7b5223-a4e3-4b8b-90b3-ec46f9118e16	d3fda266-c1ee-47b8-9333-9b42ef64fda3	0	0	50	40	8.4	0.25	-41.4	0	215.1	394.9	0
fd09712a-8442-4678-9168-1695af7e9355	3e2d6dbc-a6c3-41da-b763-cf129598e7d2	0	0	25	40	6.8	0.2	6.5299997	0	6.58	91.47	0
fd33ee20-96fb-4bf0-ae25-d1f9f53e30ca	596f8a87-3c4e-4852-8d1b-5f9efad83d36	0	0	25	40	6.8	0.27	-30.5	0	52.75	95.42	0
fdaa0af9-02cf-4d3d-9b99-fabcdd1697db	8bd251cd-733b-4fca-8025-fdbed1de3a54	0	0	120	120	7.2	4.15	11.5	0	184.7	388.2	0
fede7c48-3989-4820-8150-79c4f3211cd0	96919aed-ecd6-4eb3-98ca-f2fd655c8dd5	0	0	425	180	8.4	2.38	-6.8	0	1029	1887	0
ff676747-987c-43ad-bd0d-fb89e6086c50	43dfeb48-589b-42fb-ab50-581f389596a4	0	0	250	180	7.2	3.8	15.8	0	156.5	0	0
